entry_number,entry_name,slot,team,submitted_at_utc
1,Stow 1,2A,BAL,2026-09-16T22:34:14Z
1,BankofMarquis 1,2A,TB,2026-09-15T17:48:37Z
1,Ron Diedrich 1,2A,TB,2026-08-23T00:45:02Z
1,BossHogg 1,2A,TB,2026-09-20T15:52:16Z
1,Dobolicious 1,2A,BUF,2026-09-17T15:15:57Z
1,QueenJoanie 1,2A,BAL,2026-09-14T13:13:10Z
1,ButterBob 1,2A,TB,2026-09-16T18:35:35Z
1,Larry Hess 1,2A,PHI,2026-09-14T16:21:14Z
1,RecklessDZ 1,2A,TB,2026-09-16T17:03:35Z
1,Oki 1,2A,PHI,2026-09-18T20:43:36Z
1,Tim The Enchanter 1,2A,TB,2026-09-14T17:29:57Z
1,RobbyMcRobface 1,2A,NE,2026-09-15T20:26:22Z
1,Kory Isley 1,2A,TEN,2026-09-20T02:10:33Z
1,BBdan 1,2A,TB,2026-09-14T19:56:09Z
1,SUMountaineer 1,2A,MIN,2026-09-16T17:03:19Z
1,Todd G 1,2A,TB,2026-09-15T20:09:28Z
1,Brady G 1,2A,CAR,2026-09-17T13:32:40Z
1,Robert Dean 1,2A,PHI,2026-09-17T03:04:11Z
1,RudyIrish 1,2A,CAR,2026-09-16T11:12:06Z
1,TurtlePower 1,2A,TB,2026-09-15T18:42:47Z
1,JL2320 1,2A,TB,2026-09-15T15:00:28Z
1,Kathy S 1,2A,TB,2026-09-16T01:55:46Z
1,Susan K 1,2A,TB,2026-09-15T22:11:02Z
1,Masterdeflater  (AI) 1,2A,TB,2026-09-15T19:45:59Z
1,Marty Johnson 1,2A,NE,2026-09-19T19:53:52Z
1,sweat hogs 1,2A,TB,2026-09-20T15:54:45Z
1,Merril Hoge 1,2A,TB,2026-09-20T15:54:14Z
1,orthogonal 1,2A,BAL,2026-09-20T15:53:12Z
1,Number 9 1,2A,TEN,2026-09-14T01:05:32Z
1,KC Wildcats 1,2A,CAR,2026-09-16T01:46:03Z
1,&rusko1 1,2A,PHI,2026-09-17T17:36:32Z
1,&rusko2 1,2A,TB,2026-09-14T14:39:44Z
1,Mitchel 1,2A,TB,2026-09-14T02:37:33Z
1,Bottom Feeder 1,2A,CAR,2026-09-20T12:39:40Z
1,Gabs 2 1,2A,TB,2026-09-13T23:49:47Z
1,Tom McNeil 1,2A,TB,2026-09-14T14:46:31Z
1,The Rocket 1,2A,CHI,2026-09-17T12:21:00Z
1,BusterJrH 1,2A,TB,2026-09-17T02:58:48Z
1,FishKing17 1,2A,TB,2026-09-14T14:32:20Z
1,Copalman1 1,2A,NE,2026-09-15T15:50:28Z
1,Copalman2 1,2A,GB,2026-09-15T15:50:51Z
1,Karomaro 1,2A,TB,2026-09-17T15:25:35Z
1,SHAQFU19 1,2A,NE,2026-09-14T16:53:08Z
1,Dawn 1,2A,TB,2026-08-24T15:38:26Z
1,Brinkman 1,2A,TB,2026-09-15T15:14:20Z
1,X-Ray 1,2A,PHI,2026-09-17T15:23:48Z
1,ChrisN 1,2A,TB,2026-09-18T16:45:33Z
1,.PALMER 1,2A,TB,2026-09-15T03:57:31Z
1,Mac Attack 1,2A,TB,2026-09-16T02:03:20Z
1,Lep 1,2A,DET,2026-09-15T11:04:54Z
1,CGully 1,2A,ATL,2026-09-20T16:23:57Z
1,Halvey 1,2A,PHI,2026-09-16T19:52:48Z
1,James B 1,2A,NE,2026-09-16T19:33:20Z
1,Eastside 17 1,2A,CHI,2026-09-20T14:38:35Z
1,Freddy Reyes 1,2A,TB,2026-09-13T22:39:41Z
1,danohara 1,2A,TEN,2026-09-20T01:39:34Z
1,Mav1 1,2A,CAR,2026-09-19T12:36:21Z
1,Mav2 1,2A,BAL,2026-09-19T12:33:25Z
1,Schwing 1,2A,PHI,2026-09-15T22:35:50Z
1,Hain 1,2A,GB,2026-09-19T14:14:14Z
1,Jacob Goergen 1,2A,PHI,2026-09-14T12:30:36Z
1,Danny Heldt 1,2A,GB,2026-09-14T16:17:19Z
1,Honeycutt 1,2A,TB,2026-09-13T20:35:58Z
1,Python1 1,2A,TB,2026-09-17T23:33:08Z
1,Jeri Lyn 1,2A,TB,2026-09-15T01:19:00Z
1,ThisIsTheYear 1,2A,PHI,2026-09-20T13:23:40Z
1,3Strangedays 1,2A,BAL,2026-09-17T22:49:42Z
1,The Lock of the Week 1,2A,TB,2026-09-14T13:00:31Z
1,One Pump Love & Dump 1,2A,PHI,2026-09-14T17:28:38Z
1,JonnyMain2 1,2A,TB,2026-09-14T18:19:30Z
1,Jonny Main 1,2A,CHI,2026-09-14T18:20:09Z
1,TonerPirates 1,2A,TB,2026-09-17T02:04:57Z
1,Aaron W 1,2A,GB,2026-09-16T18:18:05Z
1,Aaron W2 1,2A,BAL,2026-09-16T18:18:18Z
1,Eric Sexton 1,2A,CAR,2026-09-15T20:07:48Z
1,BCAT 1,2A,CHI,2026-09-15T05:12:28Z
1,4HAM 1,2A,BAL,2026-09-14T03:06:28Z
1,Ibinger 1,2A,BAL,2026-09-16T21:13:40Z
1,Kerry S 64 1,2A,PHI,2026-09-14T11:43:40Z
1,Kerry S 7 1,2A,TB,2026-09-14T11:44:00Z
1,Kerry S 17 1,2A,BAL,2026-09-17T14:21:31Z
1,Psorensen 1,2A,TB,2026-09-17T00:35:53Z
1,SkolVikes 1,2A,TB,2026-09-15T16:46:05Z
1,Vendor 1,2A,BAL,2026-09-13T23:17:37Z
1,Alvin 1,2A,MIN,2026-09-14T07:18:37Z
1,Marc M 1,2A,BAL,2026-09-15T14:14:23Z
1,Russ H2 1,2A,BAL,2026-09-14T17:45:59Z
1,McGee1 1,2A,TB,2026-09-15T04:52:51Z
1,Coma Doof Warrior 1,2A,TB,2026-09-14T05:34:47Z
1,SBerecz 1,2A,TB,2026-09-15T19:04:28Z
1,Mongoose 1,2A,TB,2026-09-15T10:33:36Z
1,WZKB 1,2A,CAR,2026-09-15T16:06:35Z
1,NorseLoki 1,2A,TB,2026-09-19T16:23:26Z
1,Aphid 1,2A,PHI,2026-09-19T16:26:01Z
1,Dad 1,2A,PHI,2026-09-19T20:43:27Z
1,Dad2 1,2A,GB,2026-09-19T20:43:42Z
1,Daughter 1,2A,NE,2026-09-19T19:03:23Z
1,AssKickers 1,2A,TB,2026-09-15T12:05:59Z
1,Fielder 1,2A,DET,2026-09-14T16:47:21Z
1,Tim McNeil 1,2A,TB,2026-09-14T20:39:15Z
1,Bib #1 1,2A,TB,2026-09-17T18:24:34Z
1,Bib#2 1,2A,BAL,2026-09-17T18:24:54Z
1,Doug Cook 1,2A,BAL,2026-09-15T21:14:09Z
1,Clete 1,2A,GB,2026-09-15T03:38:14Z
1,Blaze Welham 1,2A,TB,2026-09-16T19:05:24Z
1,Bri Welham 1,2A,PHI,2026-09-16T19:18:07Z
1,BW2 1,2A,TEN,2026-09-16T19:10:10Z
1,Jake McNeil 1,2A,NYJ,2026-09-17T18:17:49Z
1,Wheels 1,2A,TB,2026-09-17T01:19:46Z
1,PB -  jd/ct 1,2A,CHI,2026-09-17T01:02:04Z
1,Bob & Jackie 1,2A,TB,2026-09-17T00:48:08Z
1,Fairway Ridge 1,2A,HOU,2026-09-15T17:49:53Z
1,Rampage 1,2A,PHI,2026-09-15T17:50:39Z
1,JoeyG 1,2A,TB,2026-09-14T01:34:59Z
1,Jimmy McNeil 1,2A,TB,2026-09-14T00:30:11Z
1,Aidan O'Hara 1,2A,PHI,2026-09-15T16:15:27Z
1,Jennie-O 1,2A,TB,2026-09-17T23:19:00Z
1,Emily 1,2A,NE,2026-09-16T21:59:44Z
1,Puffprincess 👑 1,2A,ATL,2026-09-18T02:38:52Z
1,Josh M. 1 1,2A,CHI,2026-09-14T17:59:11Z
1,Benny 1,2A,BAL,2026-09-15T23:01:15Z
1,Benny 0 1,2A,CLE,2026-09-15T23:01:26Z
1,Benny 14 1,2A,TB,2026-09-15T23:01:33Z
1,Mac 1,2A,TB,2026-09-14T02:58:05Z
1,SErickson 1,2A,TB,2026-09-16T01:17:15Z
1,TG94 1,2A,MIN,2026-09-20T13:44:32Z
1,The Cats Ass 2 1,2A,TB,2026-09-16T22:51:00Z
1,CiCi 1,2A,PHI,2026-09-01T11:09:46Z
1,Garner 1,2A,CHI,2026-09-15T15:10:19Z
1,JFerrell 1,2A,TB,2026-09-18T00:25:29Z
1,BS 1,2A,TB,2026-09-14T02:42:24Z
1,GWhite 1,2A,TB,2026-09-17T00:49:45Z
1,CWHITE 1,2A,TB,2026-09-15T23:46:01Z
1,Luke K 1,2A,TB,2026-09-20T04:16:44Z
1,Winner # 1,2A,TB,2026-09-18T15:50:01Z
1,BLURRS 1,2A,TB,2026-09-18T23:55:17Z
1,Randall_R 1,2A,TB,2026-09-16T14:35:52Z
1,a.schneck 1,2A,CLE,2026-09-17T12:11:38Z
1,J Bud 1,2A,BAL,2026-09-20T14:05:45Z
1,Chong Y 1,2A,TB,2026-09-14T04:17:28Z
1,DEVO 1,2A,BUF,2026-09-16T20:44:16Z
1,Tom Rydel 1,2A,GB,2026-09-16T12:21:28Z
1,Raider Haters 1,2A,TB,2026-09-17T17:46:11Z
1,Savage outdoors 1,2A,TB,2026-09-20T09:52:06Z
1,Joe Buck Yourself 1,2A,CAR,2026-09-14T03:03:32Z
1,Mark O 1,2A,CHI,2026-09-14T13:16:17Z
1,Tim Kost 1,2A,TB,2026-09-15T14:31:39Z
1,Mike W 1,2A,BAL,2026-09-15T13:29:09Z
1,CTaylor 1,2A,TEN,2026-09-15T21:13:42Z
1,Jake’s Irish 1,2A,BAL,2026-09-14T00:57:30Z
1,Nickels 1,2A,TB,2026-09-14T18:43:33Z
1,Ray LaMarca 1,2A,TB,2026-09-14T12:33:30Z
1,Al H. 1,2A,TB,2026-09-16T22:20:03Z
1,Team Green 1,2A,PHI,2026-09-14T11:46:16Z
1,Mike 1,2A,TB,2026-09-20T14:05:47Z
1,Gina M. 1,2A,BAL,2026-09-20T15:24:50Z
1,Taylor 1,2A,TB,2026-09-20T15:23:35Z
1,Awes 1,2A,TB,2026-09-17T16:10:16Z
1,Cara C 1,2A,TB,2026-09-17T23:22:38Z
1,Cannon 1,2A,PHI,2026-09-17T23:45:45Z
1,KATIE 1,2A,MIN,2026-09-14T14:51:37Z
1,Tenacious 218ers 1,2A,TB,2026-09-16T01:28:07Z
1,The Hip 1,2A,TB,2026-09-14T13:54:41Z
1,AJ 1,2A,TB,2026-09-15T02:35:04Z
1,Gaboni 1,2A,TB,2026-09-16T21:19:37Z
1,Gaboni 2 1,2A,TB,2026-09-18T15:24:45Z
1,Keith Oerther 2 1,2A,PHI,2026-09-15T17:34:36Z
1,GopherNation! 1,2A,BUF,2026-09-17T22:23:31Z
1,Sathre 1,2A,TB,2026-09-15T01:33:46Z
1,Grand 1,2A,PHI,2026-09-16T18:24:00Z
1,.buckle up 1,2A,CLE,2026-09-15T04:19:30Z
1,tkirchgraber 1,2A,TB,2026-09-20T14:47:22Z
1,Simanek 1,2A,CHI,2026-09-15T00:52:19Z
1,PhatBoyz1 1,2A,CAR,2026-09-19T15:01:37Z
1,Adam 1 1,2A,BAL,2026-09-17T16:36:29Z
1,Kitt's Picks 1,2A,TB,2026-09-16T13:21:53Z
1,tchristl 1,2A,TB,2026-09-04T15:55:22Z
1,SJU 1,2A,TB,2026-09-17T00:29:26Z
1,BigRamses1 1,2A,TB,2026-09-15T14:09:55Z
1,BigRamses3 1,2A,TB,2026-09-15T14:16:22Z
1,TommyGun 1,2A,TB,2026-09-16T13:17:00Z
1,Drool 1,2A,GB,2026-09-15T12:19:03Z
1,OMB 1,2A,CAR,2026-09-20T15:17:10Z
1,RabidGophers 1,2A,BAL,2026-09-20T15:13:46Z
1,Nulmer 1,2A,TB,2026-09-16T15:14:43Z
1,D-dog 1,2A,GB,2026-09-15T01:38:21Z
1,Honolulu Blues 1,2A,TB,2026-09-19T19:56:42Z
1,Hockey papa 1 1,2A,GB,2026-09-19T21:55:12Z
1,Hockey papa 2 1,2A,TB,2026-09-19T21:53:12Z
1,CJ2 1,2A,CLE,2026-09-17T01:29:12Z
1,John DesJardins 1,2A,HOU,2026-09-20T16:55:35Z
1,Halftrack 1,2A,CAR,2026-09-19T15:27:04Z
1,Mike Tango 1,2A,NE,2026-09-17T03:20:12Z
1,Rat Picks 1,2A,TB,2026-09-17T15:39:28Z
1,Finnegan Picks 1,2A,TB,2026-09-17T15:39:41Z
1,DLH5 1,2A,TB,2026-09-16T17:11:46Z
1,MrOct20 1,2A,BAL,2026-09-20T15:47:22Z
1,J H 1,2A,TB,2026-09-19T22:49:25Z
1,jfkhyland 1,2A,TB,2026-09-19T13:41:32Z
1,Jon Swanson 1,2A,TB,2026-09-17T23:13:20Z
1,Boston1600 1,2A,NE,2026-09-16T15:23:58Z
1,AI Andy 1,2A,TB,2026-09-15T17:51:50Z
1,Tolly 1,2A,TB,2026-09-16T22:34:14Z
1,gp-23 1,2A,BAL,2026-09-17T17:12:34Z
1,The Kommish #1 1,2A,TB,2026-09-15T22:13:47Z
1,GABE 1,2A,TB,2026-09-15T01:27:21Z
1,MastaBlasta 1,2A,CAR,2026-09-20T15:38:41Z
1,Bob's picks 1,2A,TB,2026-09-15T12:44:17Z
1,Lljuergs 1,2A,CAR,2026-09-16T21:26:24Z
1,Richard Olson 1,2A,TB,2026-09-20T12:23:19Z
1,English 2 1,2A,BAL,2026-09-16T17:39:53Z
1,English 3 1,2A,TB,2026-09-16T17:40:24Z
1,English 4 1,2A,TB,2026-09-16T17:42:02Z
1,KinMN 1,2A,PHI,2026-09-16T00:00:38Z
1,Travis K 1,2A,TB,2026-09-15T13:58:35Z
1,Nick3l City 1,2A,TB,2026-09-14T01:26:30Z
1,Jason Jansen 1,2A,CAR,2026-09-20T13:26:29Z
1,Calvin 1,2A,TB,2026-09-17T17:55:16Z
1,Karen 1,2A,BAL,2026-09-17T23:08:51Z
1,Barney 1,2A,TB,2026-09-17T17:13:20Z
1,Polly 1,2A,TB,2026-09-17T17:13:05Z
1,IHATEWISCO 1,2A,TB,2026-09-15T09:21:44Z
1,IHATEWISCO2 1,2A,TB,2026-09-15T09:22:26Z
1,IHATEWISCO3 1,2A,TB,2026-09-15T09:22:33Z
1,the drake 1,2A,TB,2026-09-14T13:11:07Z
1,Rhodekill 1,2A,TB,2026-09-16T01:37:00Z
1,Funny Money 1,2A,BAL,2026-09-18T23:11:43Z
1,A.Lewis 1,2A,CAR,2026-09-17T03:45:14Z
1,Mal 1,2A,CHI,2026-09-17T21:23:20Z
1,Trevor Caliebe 1,2A,ATL,2026-09-14T08:15:55Z
1,JessiMain 1,2A,CAR,2026-09-15T12:29:42Z
1,C Markley 1,2A,TB,2026-09-17T03:08:58Z
1,ryan miller 1,2A,PHI,2026-09-20T08:33:19Z
1,Buffalo Bills# 1,2A,PHI,2026-09-17T16:51:31Z
1,Buffalo Bille#2 1,2A,GB,2026-09-17T16:51:39Z
1,Buffalo Bille#3 1,2A,TB,2026-09-17T16:51:49Z
1,billT 1,2A,TB,2026-09-15T20:08:12Z
1,BillsMafiaJA17 1,2A,BAL,2026-09-13T18:43:05Z
1,Tulsa Packer Backers 1,2A,TB,2026-09-14T12:47:06Z
1,Jrusso 1,2A,TB,2026-09-14T08:52:31Z
1,AndrewL 1,2A,TB,2026-09-15T17:36:15Z
1,Rizzio 1,2A,TB,2026-09-15T21:15:17Z
1,Bunker Pro 1,2A,PHI,2026-09-16T13:41:52Z
1,SamVarghese#3 1,2A,BAL,2026-09-14T21:46:37Z
1,.ZF 1,2A,CLE,2026-09-14T18:18:01Z
1,Clemdoggers 1,2A,NE,2026-09-17T02:01:25Z
1,gary 1,2A,BUF,2026-09-17T20:37:15Z
1,KarnG 1,2A,TB,2026-09-18T15:59:57Z
1,KarnG2 1,2A,CLE,2026-09-18T16:00:10Z
1,KarnG3 1,2A,TB,2026-09-18T16:00:16Z
1,Karn 1,2A,BAL,2026-09-16T23:53:28Z
1,TwentyFour 1,2A,TB,2026-09-19T13:34:24Z
1,Bren 1,2A,PHI,2026-09-17T03:04:15Z
1,Early Exit 1,2A,TB,2026-09-18T00:04:18Z
1,El Guapo 1,2A,TB,2026-09-14T20:59:10Z
1,Amelia's Bedelia's 1,2A,TB,2026-09-14T20:59:17Z
1,nopack25 1,2A,CIN,2026-09-20T03:46:47Z
1,Will Dvorak 1,2A,TB,2026-09-17T20:43:52Z
1,BiggyBoy 1,2A,TB,2026-09-19T19:02:33Z
1,tom n 1,2A,TB,2026-09-17T00:55:15Z
1,Tetlow 1,2A,NE,2026-09-15T10:56:06Z
1,Stoepjo 1,2A,TB,2026-09-13T22:26:14Z
1,Montag 1,2A,TB,2026-09-17T22:09:46Z
1,tom n 2 1,2A,GB,2026-09-17T00:55:39Z
1,Court C 1,2A,BAL,2026-09-17T23:43:27Z
1,Kish 1,2A,PHI,2026-09-14T04:04:55Z
1,gsoda 1,2A,TB,2026-09-08T01:52:32Z
1,Mike Egan 1,2A,PHI,2026-09-14T11:37:47Z
1,NicTatarek4 1,2A,GB,2026-09-19T18:07:37Z
1,Carson 1,2A,TB,2026-09-17T03:17:38Z
1,Sarah Siebert 1,2A,TB,2026-09-17T01:16:49Z
1,Dennis/Sheik 1,2A,TB,2026-09-20T00:41:36Z
1,Dennis/SheikJointPick 1,2A,TB,2026-09-20T16:12:25Z
1,Sheik/Dennis 1,2A,BAL,2026-09-17T22:17:07Z
1,Kim 1,2A,CAR,2026-09-19T00:20:24Z
1,Neums 1,2A,TB,2026-09-09T12:49:28Z
1,Killer02 1,2A,TB,2026-09-19T04:14:25Z
1,Jacob Kost 1,2A,GB,2026-09-15T04:53:38Z
1,Theo G 1,2A,TB,2026-09-19T21:40:56Z
1,JohnD 1,2A,TB,2026-09-20T16:54:09Z
1,Dan Burnstine 1,2A,TB,2026-09-16T17:26:03Z
1,Clarkesworld 1,2A,PHI,2026-09-15T11:41:40Z
1,&rusko3 1,2A,TB,2026-09-17T17:36:25Z
1,Tyler Battle 1,2A,TB,2026-09-20T12:59:21Z
1,Brian Becker 1,2A,TB,2026-09-17T11:46:53Z
1,Jobu's Rum 1,2A,TB,2026-09-14T06:35:48Z
1,Sherlock 1,2A,TB,2026-09-19T19:33:53Z
1,Kirk DaSquatch_1 1,2A,CAR,2026-09-16T23:51:15Z
1,Kirk DaSquatch_2 1,2A,NYJ,2026-09-16T23:51:58Z
1,Kirk DaSquatch_3 1,2A,BAL,2026-09-16T23:52:38Z
1,Eric Dennis 1,2A,TB,2026-09-16T13:50:50Z
1,JHunt 1,2A,CIN,2026-09-18T16:16:41Z
1,Jahoobies 1,2A,TB,2026-09-20T00:35:12Z
1,Grandview Zebras 1,2A,PHI,2026-09-16T03:02:42Z
1,The Committee 1,2A,BAL,2026-09-20T11:43:16Z
1,Dave LaFond 1,2A,ATL,2026-09-08T17:29:56Z
1,Fish1013Sr 1,2A,TEN,2026-09-17T22:08:25Z
1,Whole mess of crepes 1,2A,TB,2026-09-20T12:36:05Z
1,MNBadger 1,2A,TB,2026-09-17T22:34:20Z
1,JRTOLLY 1,2A,TB,2026-09-15T18:56:41Z
1,Jonathan F 1,2A,CLE,2026-09-14T05:11:59Z
1,Poodzee is the 1,2A,BAL,2026-09-15T18:58:55Z
1,SDSU Jacks # 1,2A,TB,2026-09-14T21:35:15Z
1,Boomer 1,2A,PHI,2026-09-19T20:18:50Z
1,Thakur 1,2A,TB,2026-09-20T14:30:54Z
1,Thiglife50 1,2A,NO,2026-09-19T21:46:32Z
1,Smitdog 1,2A,TB,2026-09-15T15:06:48Z
1,James @Oakside 1,2A,TB,2026-09-08T20:34:10Z
1,Megs 1,2A,PHI,2026-09-15T21:35:15Z
1,Balls-less Walz 1,2A,TB,2026-09-14T16:09:58Z
1,Brad Willis 1,2A,TB,2026-09-16T11:26:38Z
1,JR MCGINTY 1,2A,TB,2026-09-20T16:53:59Z
1,IRA 1,2A,TB,2026-09-17T17:31:54Z
1,Ryan P 2 1,2A,HOU,2026-09-20T13:21:41Z
1,Ryan P 3 1,2A,TB,2026-09-20T13:22:03Z
1,Fterschan 1,2A,TB,2026-09-17T00:51:14Z
1,Nick Hayes 1,2A,BAL,2026-09-20T16:08:59Z
1,INITTOWINIT 1,2A,BAL,2026-09-17T18:36:03Z
1,kerf1 1,2A,TB,2026-09-16T17:07:23Z
1,Shanko 1,2A,GB,2026-09-16T01:28:03Z
1,Jokes Sean Can't Take: 1,2A,BAL,2026-09-20T03:44:12Z
1,Basco 1,2A,PHI,2026-09-17T22:05:51Z
1,Meg Camp 1,2A,PHI,2026-09-17T22:03:31Z
1,Go Hawks 1,2A,CAR,2026-09-20T00:37:51Z
1,Gmac01 1,2A,TB,2026-09-17T10:58:59Z
1,T Woyke 1,2A,TB,2026-09-14T02:59:35Z
1,SHAKE -N- BAKE 1,2A,TB,2026-09-13T18:53:10Z
1,Mr. Dripley 1,2A,TB,2026-09-15T03:44:55Z
1,Wariocario 1,2A,TB,2026-09-15T03:45:00Z
1,Talktoemnice 1,2A,TB,2026-09-15T03:45:05Z
1,4lilbob 1,2A,NE,2026-09-17T21:22:40Z
1,MyMercedes 1,2A,GB,2026-09-17T03:36:48Z
1,Redbull 1,2A,TB,2026-09-15T23:19:40Z
1,Mattulmer05 1,2A,DET,2026-09-15T13:26:23Z
1,Buckeye 1,2A,TB,2026-09-15T23:20:29Z
1,Nettie 1,2A,TB,2026-09-19T16:37:29Z
1,Leg 1,2A,BUF,2026-09-15T15:20:51Z
1,Peyton 1,2A,TB,2026-09-16T00:53:19Z
1,Luke 1,2A,TB,2026-09-17T03:17:58Z
1,R&M Picks 1,2A,NE,2026-09-19T12:44:56Z
1,Amanda Diedrich 1,2A,BAL,2026-09-13T18:02:01Z
1,Dave Stencil 1,2A,TB,2026-09-15T15:12:05Z
1,Nate Treinen 1,2A,TB,2026-09-14T12:21:16Z
1,R&M Bot Pick 1,2A,TB,2026-09-19T12:42:23Z
1,R.Sprad 1,2A,TB,2026-09-20T16:13:45Z
1,Nathan Diedrich 1,2A,TB,2026-09-17T01:49:06Z
1,Colin 1,2A,GB,2026-09-19T00:27:40Z
1,Cloos 1,2A,PHI,2026-09-15T13:12:39Z
1,K Riggs 1,2A,TB,2026-09-14T13:14:15Z
1,TurfToe 1,2A,BAL,2026-09-20T15:29:30Z
1,Dennis tatarek 1,2A,BAL,2026-09-19T16:40:11Z
1,Hunter W 1,2A,MIN,2026-09-20T13:33:57Z
1,Midnight Mortgage 1,2A,TB,2026-09-16T02:29:56Z
1,Slipper2112 1,2A,TB,2026-09-20T14:37:22Z
1,Lay The Points 1,2A,CLE,2026-09-20T11:51:04Z
1,moz 1,2A,TB,2026-09-17T12:55:05Z
1,Shotgun30 1,2A,BAL,2026-09-17T22:59:56Z
1,Dave U 1 1,2A,PHI,2026-09-18T01:52:35Z
1,Eagle2 1,2A,BAL,2026-09-16T03:19:21Z
1,Eagle3 1,2A,PHI,2026-09-16T03:20:48Z
1,Assistant Director Sherlock 1,2A,CAR,2026-09-20T14:18:26Z
1,Gina Nelson 1,2A,BUF,2026-09-16T03:05:42Z
1,Mike GPG 1,2A,TB,2026-09-20T14:18:05Z
1,rslipka 1,2A,TB,2026-09-17T18:15:49Z
1,Schippy 1,2A,TB,2026-09-18T22:35:46Z
1,Troy Michaels 1,2A,CAR,2026-09-20T15:46:54Z
1,Stephenjm 1,2A,PHI,2026-09-20T13:15:39Z
1,Fish jr 1,2A,TB,2026-09-17T20:20:24Z
1,Fishjr3 1,2A,CLE,2026-09-20T15:29:25Z
1,BrentBrenton 1,2A,TB,2026-09-15T21:22:46Z
1,Travis Swift 1,2A,PHI,2026-09-18T23:45:16Z
1,RevengeoftheMahomes 1,2A,PHI,2026-09-17T10:43:06Z
1,Loser 1,2A,CLE,2026-09-17T23:53:08Z
1,Procure 1,2A,GB,2026-09-17T03:02:54Z
1,Henry Odens 1,2A,TB,2026-09-20T14:35:44Z
1,Ryan S 1,2A,NE,2026-09-20T16:07:09Z
1,Mash Buttatoes 1,2A,CLE,2026-09-17T23:00:31Z
1,Laxbromike 1,2A,NO,2026-09-20T14:53:50Z
1,Angie 1,2A,CHI,2026-09-20T12:52:44Z
1,Streich 1,2A,TB,2026-09-13T20:11:46Z
1,Skurrdog 1,2A,TB,2026-09-17T11:59:19Z
1,TyshawnLebron 1,2A,CAR,2026-09-16T14:22:44Z
1,Peter Sanford 1,2A,CAR,2026-09-20T14:43:44Z
1,Vix 1,2A,PHI,2026-09-17T20:16:52Z
1,Matts Marvelous Mystic 1,2A,TB,2026-09-17T22:35:41Z
1,NYBarbie 1,2A,TB,2026-09-19T04:05:35Z
1,TXrunningman 1,2A,BAL,2026-09-17T21:20:22Z
1,Phi43 1,2A,TB,2026-09-20T15:20:03Z
1,DirtyBird 1,2A,NE,2026-09-18T00:01:46Z
1,vourni 1,2A,TB,2026-09-15T17:05:37Z
1,jfleeck 1,2A,BAL,2026-09-17T14:26:16Z
1,BigHoss 1,2A,TB,2026-09-15T20:48:44Z
1,Bombers1 1,2A,BAL,2026-09-20T16:45:23Z
1,Bombers2 1,2A,TB,2026-09-15T01:58:40Z
1,DutchOven 1,2A,PIT,2026-09-16T00:15:06Z
1,FredG 1,2A,BAL,2026-09-19T02:06:40Z
1,JoeDemyLocks 1,2A,PHI,2026-09-20T15:50:30Z
1,Heinecke 1,2A,GB,2026-09-17T19:08:05Z
1,Spencer Kelly 1,2A,TB,2026-09-17T02:10:57Z
1,Benbewinning 1,2A,PHI,2026-09-14T23:28:06Z
1,Wernz whiffs 1,2A,PHI,2026-09-16T20:13:46Z
1,MKeegan 1,2A,TB,2026-09-15T02:21:30Z
1,Too Much Estrogen 1,2A,TB,2026-09-20T16:51:05Z
1,Team 3 1,2A,BAL,2026-09-19T15:51:07Z
1,Mmcginty 1,2A,TB,2026-09-14T16:11:39Z
1,Skoaldier 1,2A,TB,2026-09-20T16:08:07Z
1,Patriots1 1,2A,BAL,2026-09-19T18:27:07Z
1,Patriots2 1,2A,TB,2026-09-19T18:27:23Z
1,FLESHFLOWERS 1,2A,PHI,2026-09-20T07:03:33Z
1,AndrewJ 1,2A,PHI,2026-09-20T00:45:27Z
1,Zweber 1,2A,TB,2026-09-20T16:55:10Z
1,Valski 1,2A,GB,2026-09-20T16:10:55Z
1,Car Ramrod 1,2A,TB,2026-09-15T17:51:49Z
1,Jennie-O 3 1,2A,TB,2026-09-17T23:19:38Z
1,Mills78 1,2A,BAL,2026-09-16T16:44:47Z
1,Big Blue 1,2A,CAR,2026-09-19T17:39:20Z
1,CharlieOdens 1,2A,PHI,2026-09-20T13:55:53Z
1,Spartans 1,2A,ATL,2026-09-14T23:50:23Z
1,Rosco P. Coltrane 1,2A,TB,2026-09-20T13:43:27Z
1,Valski 3 1,2A,PHI,2026-09-20T16:11:14Z
1,Joel Odens 1,2A,NE,2026-09-20T14:07:50Z
1,Wojcik1 1,2A,TB,2026-09-17T19:48:47Z
1,Wojcik2 1,2A,TB,2026-09-17T19:48:54Z
1,Wojcik4 1,2A,TB,2026-09-17T19:48:58Z
1,Wojcik3 1,2A,TB,2026-09-17T19:49:02Z
1,Jordan Dvorak 1,2A,PHI,2026-09-18T00:37:21Z
1,MandB 1,2A,BAL,2026-09-17T22:09:18Z
1,Terhune 1,2A,PHI,2026-09-17T16:37:41Z
1,Sweettits 1,2A,TEN,2026-09-20T16:51:29Z
1,Shores 1,2A,PHI,2026-09-16T19:16:57Z
1,Jake Bazella 1,2A,TB,2026-09-15T04:23:58Z
1,Spoonman 1,2A,MIN,2026-09-17T13:08:42Z
1,Evanhanz 1,2A,PHI,2026-09-19T19:58:07Z
1,Kiko 1,2A,TB,2026-09-17T02:24:26Z
1,The Pigskin 1,2A,GB,2026-09-20T13:17:46Z
1,Coates55 1,2A,NYJ,2026-09-20T16:30:13Z
1,TKerl 1,2A,TB,2026-09-16T23:08:17Z
1,DonHollywood 1,2A,TEN,2026-09-17T23:32:01Z
1,Cory  S 1,2A,PHI,2026-09-16T00:45:07Z
1,LFS108 1,2A,TB,2026-09-17T04:00:15Z
1,EZ Does It!! 1,2A,TB,2026-09-14T15:12:43Z
1,DirtyBirdie 1,2A,TB,2026-09-19T19:30:16Z
1,Ntap_chris 1,2A,CAR,2026-09-17T13:25:08Z
1,sdanciak 1,2A,BAL,2026-09-10T14:15:28Z
1,Fred P 1,2A,NYJ,2026-09-16T22:25:34Z
1,Brain 1,2A,TB,2026-09-17T21:45:19Z
1,MarkO 1,2A,BAL,2026-09-15T15:04:18Z
1,Annabeth 1,2A,NO,2026-09-17T13:34:10Z
1,CaliB 1,2A,PHI,2026-09-15T17:39:26Z
1,Paul Bury 1,2A,TB,2026-09-18T20:50:55Z
1,Leroy 1,2A,GB,2026-09-18T04:39:41Z
1,Erin Roth 1,2A,TB,2026-09-16T14:43:50Z
1,BDvorak 1,2A,TB,2026-09-20T02:14:17Z
1,PK 1,2A,NO,2026-09-20T16:54:10Z
1,PK2 1,2A,TB,2026-09-20T16:54:33Z
1,The Modern Day Maharaja 4 1,2A,BAL,2026-09-20T14:09:07Z
1,SMU 1,2A,PHI,2026-09-20T13:55:01Z
1,CrazyMonkey 1,2A,PHI,2026-09-16T03:55:05Z
1,Kbecks 1,2A,NE,2026-09-17T23:03:23Z
1,Smallz 1,2A,PHI,2026-09-20T13:14:55Z
1,WildernessNinjas 1,2A,TB,2026-09-18T01:35:48Z
1,Fishhead 1,2A,TB,2026-09-19T05:03:10Z
1,Danielle Caliebe 1,2A,TB,2026-09-15T08:31:54Z
1,Children of the Corn 1,2A,TB,2026-09-20T03:55:09Z
1,JJ’s Winners 1 1,2A,GB,2026-09-17T20:20:39Z
1,Vodka Sota 1,2A,TB,2026-09-19T17:21:25Z
1,Horseshoe 1,2A,TB,2026-09-16T16:18:49Z
1,Kevin Klawitter 1,2A,TB,2026-09-17T01:04:07Z
1,Kristi Klawitter 1,2A,TB,2026-09-17T01:10:15Z
1,Andrew K 1,2A,BAL,2026-09-20T14:32:52Z
1,Steve Demy 1,2A,TB,2026-09-19T22:12:57Z
1,TMC47 1,2A,TB,2026-09-13T20:33:44Z
1,Devin’s Picks 1,2A,TB,2026-09-12T02:10:19Z
1,Swarner 1,2A,GB,2026-09-14T15:10:56Z
1,Ron Burhite 1,2A,TB,2026-09-15T17:31:30Z
1,SandmanReject 1,2A,NE,2026-09-19T04:03:09Z
1,Cheney 1,2A,BAL,2026-09-19T12:47:51Z
1,BigW 1,2A,CAR,2026-09-15T03:27:11Z
1,Destroyer 1,2A,NE,2026-09-17T23:43:06Z
1,BERP 1,2A,TB,2026-09-18T17:22:15Z
1,LLD 1,2A,NE,2026-09-18T03:46:13Z
1,Berns Bags and Friends 1,2A,TB,2026-09-17T02:53:34Z
1,-EV. 1,2A,TB,2026-09-19T17:29:32Z
1,martens 22 1,2A,TB,2026-09-17T05:32:05Z
1,MAX 2 1,2A,BAL,2026-09-15T03:00:42Z
1,Jeff Stewardson 1,2A,TB,2026-09-19T21:58:07Z
1,UACATS26 1,2A,CLE,2026-09-17T00:25:48Z
1,Goodfellas 1,2A,TB,2026-09-14T22:02:42Z
1,Dang 1,2A,TB,2026-09-17T12:40:35Z
1,Old Gregg 1,2A,TB,2026-09-20T16:50:24Z
1,enerson413 1,2A,TB,2026-09-20T13:35:48Z
1,Papa Funk 1 1,2A,TB,2026-09-20T15:38:18Z
1,AngelaW-K 1,2A,BAL,2026-09-20T16:32:47Z
1,Yosemite Sam 1,2A,CAR,2026-09-15T21:26:49Z
1,Coop 1,2A,TB,2026-09-20T13:58:31Z
1,Knucklesdeep 1,2A,TB,2026-09-19T19:56:22Z
1,Derek K 1,2A,TB,2026-09-17T04:21:45Z
1,Robbie Bobby 1,2A,TB,2026-09-20T15:24:02Z
1,Brian Hanson 1,2A,TB,2026-09-18T13:44:43Z
1,Cellar Door 1,2A,TB,2026-09-20T15:33:04Z
1,Roaming Rooster 1,2A,TB,2026-09-19T12:39:53Z
1,Show me your TDs 1,2A,PHI,2026-09-20T16:38:01Z
1,Tatarekt 1,2A,TB,2026-09-20T16:57:40Z
1,Irish1 1,2A,TB,2026-09-15T23:53:49Z
1,Irish2 1,2A,NE,2026-09-15T23:55:55Z
1,Whig 1,2A,CAR,2026-09-20T14:21:32Z
1,BigCat#30 - 44 1,2A,MIN,2026-09-20T16:29:50Z
1,Bigcat#30 - 45 1,2A,MIN,2026-09-20T16:29:53Z
1,Skol to the Bowl 1,2A,TB,2026-09-20T16:56:14Z
1,Benihana 1,2A,TB,2026-09-20T01:37:00Z
1,Revenge of the Vrabes 1,2A,TB,2026-09-20T16:31:01Z
1,JCG 1,2A,PHI,2026-09-20T01:34:40Z
1,Cecil G 1,2A,BAL,2026-09-15T03:25:09Z
1,OneBeforeIDie! 1,2A,MIN,2026-09-18T20:48:39Z
1,Last Place 1,2A,TEN,2026-09-18T13:34:38Z
1,Last Place 2 1,2A,TB,2026-09-18T13:35:00Z
1,Matthew Cox 1,2A,CLE,2026-09-18T21:48:57Z
1,Proasscoach 1,2A,TB,2026-09-15T16:51:17Z
1,Angiegirl 1,2A,PHI,2026-09-15T20:05:31Z
1,MadChunkyMonkey 1,2A,HOU,2026-09-15T14:32:36Z
1,Quinn13 1,2A,CAR,2026-09-17T00:27:26Z
1,Evo 4G63 Lover 1,2A,CAR,2026-09-15T16:02:52Z
1,JM 1,2A,CHI,2026-09-16T22:18:03Z
1,Kevin Vig 1,2A,TB,2026-09-18T18:20:46Z
1,Nyctao 1,2A,PHI,2026-09-17T12:32:50Z
1,Mr Ed 1,2A,BAL,2026-09-20T05:32:18Z
2,Stow 2,2A,PHI,2026-09-16T22:34:14Z
2,Duncan 2,2A,BAL,2026-09-15T15:47:11Z
2,Dobolicious 2,2A,CHI,2026-09-17T15:16:05Z
2,Larry Hess 2,2A,TB,2026-09-14T16:21:28Z
2,RecklessDZ 2,2A,TB,2026-09-16T17:04:39Z
2,Oki 2,2A,TB,2026-09-20T16:55:19Z
2,Tim The Enchanter 2,2A,TB,2026-09-14T17:30:07Z
2,Kory Isley 2,2A,PHI,2026-09-20T02:11:01Z
2,Brady G 2,2A,TB,2026-09-17T13:33:08Z
2,Robert Dean 2,2A,CHI,2026-09-17T03:00:41Z
2,RudyIrish 2,2A,TB,2026-09-15T01:29:41Z
2,JL2320 2,2A,TB,2026-09-15T17:46:08Z
2,Kathy S 2,2A,HOU,2026-09-16T01:56:42Z
2,Scoots28 2,2A,TB,2026-09-17T16:26:07Z
2,sweat hogs 2,2A,TB,2026-09-20T15:54:55Z
2,Merril Hoge 2,2A,TB,2026-09-20T15:54:18Z
2,orthogonal 2,2A,BAL,2026-09-20T15:53:17Z
2,PerHansa 2,2A,TB,2026-09-13T19:51:27Z
2,Number 9 2,2A,CAR,2026-09-14T01:05:50Z
2,KC Wildcats 2,2A,PIT,2026-09-16T01:46:20Z
2,Bottom Feeder 2,2A,CAR,2026-09-20T12:39:43Z
2,Byrdman 2,2A,PHI,2026-09-14T18:10:25Z
2,ROTNONE 2,2A,GB,2026-09-19T14:14:10Z
2,The Rocket 2,2A,BAL,2026-09-17T12:22:36Z
2,CoorsBanquet 2,2A,PHI,2026-09-16T00:23:09Z
2,Hendricks 2,2A,BAL,2026-09-15T03:25:36Z
2,Karomaro 2,2A,BUF,2026-09-17T15:28:20Z
2,Brinkman 2,2A,PHI,2026-09-15T15:15:03Z
2,Drago 2,2A,TB,2026-09-14T18:30:21Z
2,ChrisN 2,2A,TB,2026-09-18T16:45:39Z
2,Gwaz 2,2A,TB,2026-09-14T17:55:58Z
2,iwasatthesswift-kelcewedding 2,2A,BAL,2026-09-15T19:35:35Z
2,Lep 2,2A,PHI,2026-09-15T11:00:33Z
2,Scott Brofman 2,2A,CAR,2026-09-17T00:44:54Z
2,CGully 2,2A,CLE,2026-09-14T14:36:23Z
2,Tamasi 2,2A,TB,2026-09-16T15:07:22Z
2,Halvey 2,2A,TEN,2026-09-16T19:53:03Z
2,James B 2,2A,BAL,2026-09-16T19:33:32Z
2,Eastside 17 2,2A,GB,2026-09-20T14:39:10Z
2,danohara 2,2A,TB,2026-09-20T01:39:52Z
2,Get Stiggy With It 2,2A,NE,2026-09-15T22:14:13Z
2,Danny Heldt 2,2A,PHI,2026-09-14T16:17:46Z
2,Honeycutt 2,2A,TB,2026-09-13T20:36:06Z
2,Jeri Lyn 2,2A,GB,2026-09-15T01:19:40Z
2,ThisIsTheYear 2,2A,BUF,2026-09-15T15:32:53Z
2,3Strangedays 2,2A,BAL,2026-09-17T22:49:50Z
2,The Lock of the Week 2,2A,PHI,2026-09-14T13:01:26Z
2,One Pump Love & Dump 2,2A,BAL,2026-09-14T17:34:21Z
2,jpurrington 2,2A,TEN,2026-09-18T15:18:41Z
2,Shannon 2,2A,BAL,2026-09-19T16:38:06Z
2,TonerPirates 2,2A,TB,2026-09-17T02:05:12Z
2,Redgem 2,2A,TB,2026-09-16T03:43:41Z
2,Eric Sexton 2,2A,TB,2026-09-19T00:06:39Z
2,BCAT 2,2A,NE,2026-09-15T05:12:43Z
2,Ibinger 2,2A,BAL,2026-09-16T21:13:46Z
2,Kerry S 1 2,2A,BAL,2026-09-14T11:43:56Z
2,Psorensen 2,2A,TB,2026-09-17T00:35:58Z
2,Vendor 2,2A,TB,2026-09-17T01:19:07Z
2,Alvin 2,2A,MIN,2026-09-14T07:19:01Z
2,Teeter 2,2A,TB,2026-09-17T15:41:51Z
2,Tony G 2,2A,PHI,2026-09-14T14:41:05Z
2,SBerecz 2,2A,CAR,2026-09-15T19:04:03Z
2,Fletch 2,2A,TB,2026-09-17T21:47:51Z
2,AssKickers 2,2A,PHI,2026-09-20T16:49:09Z
2,Fielder 2,2A,TB,2026-09-14T16:47:46Z
2,Cypherhawks 2,2A,TB,2026-08-28T19:08:16Z
2,Clete 2,2A,BAL,2026-09-15T03:38:20Z
2,CEH2O1 2,2A,TB,2026-09-13T03:01:28Z
2,Bob & Jackie 2,2A,NE,2026-09-17T01:11:26Z
2,Fairway Ridge 2,2A,GB,2026-09-15T17:50:20Z
2,Jimmy McNeil 2,2A,GB,2026-09-14T00:29:57Z
2,Aidan O'Hara 2,2A,BAL,2026-09-15T16:15:57Z
2,Josh M. 1 2,2A,BAL,2026-09-14T17:59:18Z
2,TJB 2,2A,BAL,2026-09-17T00:26:34Z
2,Derek Death 2,2A,BAL,2026-09-20T16:10:23Z
2,Morgan Battle 2,2A,CHI,2026-09-14T13:29:57Z
2,Garner 2,2A,CAR,2026-09-15T15:10:50Z
2,BS 2,2A,TB,2026-09-20T12:23:43Z
2,Mike Z. 2,2A,NYJ,2026-09-13T23:43:57Z
2,GWhite 2,2A,CAR,2026-09-17T00:51:28Z
2,Luke K 2,2A,GB,2026-09-20T04:16:51Z
2,Winner # 2,2A,PHI,2026-09-18T15:50:07Z
2,BLURRS 2,2A,CAR,2026-09-20T15:49:34Z
2,Randall_R 2,2A,TB,2026-09-16T14:35:55Z
2,a.schneck 2,2A,TB,2026-09-13T22:57:49Z
2,J Bud 2,2A,NO,2026-09-14T12:46:48Z
2,Chong Y 2,2A,TB,2026-09-14T04:17:46Z
2,DEVO 2,2A,TB,2026-09-16T20:45:14Z
2,Tom Rydel 2,2A,TB,2026-09-16T12:20:16Z
2,Raider Haters 2,2A,TB,2026-09-17T17:46:15Z
2,Savage outdoors 2,2A,MIN,2026-09-20T09:51:50Z
2,Myers 2,2A,TB,2026-09-16T01:05:49Z
2,Joe Buck Yourself 2,2A,TB,2026-09-20T15:47:07Z
2,Original Stephen A 2,2A,TB,2026-09-16T23:18:19Z
2,Jake’s Irish 2,2A,CAR,2026-09-14T00:56:52Z
2,Nickels 2,2A,PHI,2026-09-14T18:43:50Z
2,Ray LaMarca 2,2A,BAL,2026-09-14T12:33:41Z
2,Triplebill 2,2A,TB,2026-09-15T22:37:51Z
2,Team Green 2,2A,BAL,2026-09-14T11:46:21Z
2,KATIE 2,2A,GB,2026-09-14T14:52:15Z
2,Tenacious 218ers 2,2A,BAL,2026-09-16T01:29:01Z
2,The Hip 2,2A,PHI,2026-09-20T15:14:47Z
2,Rilels101 2,2A,CHI,2026-09-18T20:47:02Z
2,GopherNation! 2,2A,PHI,2026-09-17T22:23:43Z
2,Sathre 2,2A,CAR,2026-09-19T21:11:13Z
2,A.K.A. King Gio 2,2A,BAL,2026-09-19T06:29:22Z
2,tkirchgraber 2,2A,TB,2026-09-17T02:44:41Z
2,Fro 2,2A,TB,2026-09-15T14:17:01Z
2,Simanek 2,2A,PHI,2026-09-15T00:51:43Z
2,lance manion 2,2A,TB,2026-09-15T03:52:11Z
2,Kitt's Picks 2,2A,GB,2026-09-16T13:22:31Z
2,tchristl 2,2A,NO,2026-09-14T19:08:04Z
2,SJU 2,2A,DET,2026-09-16T23:49:43Z
2,Skidmark 2,2A,CAR,2026-09-14T10:35:27Z
2,Unregulated 2,2A,PHI,2026-09-18T17:02:01Z
2,Drool 2,2A,TB,2026-09-15T12:19:06Z
2,OMB 2,2A,ATL,2026-09-20T15:17:23Z
2,Crewton 2,2A,PHI,2026-09-14T14:31:44Z
2,D-dog 2,2A,TB,2026-09-15T01:38:59Z
2,Honolulu Blues 2,2A,CLE,2026-09-19T19:55:35Z
2,Liamo 2,2A,GB,2026-09-17T03:04:47Z
2,CJ2 2,2A,HOU,2026-09-17T01:29:38Z
2,John DesJardins 2,2A,PHI,2026-09-15T15:15:54Z
2,Halftrack 2,2A,CLE,2026-09-19T15:27:26Z
2,MrOct20 2,2A,BAL,2026-09-20T15:47:25Z
2,J H 2,2A,BAL,2026-09-19T22:49:33Z
2,jfkhyland 2,2A,TB,2026-09-19T13:41:52Z
2,Jon Swanson 2,2A,PHI,2026-09-17T23:13:53Z
2,gp-23 2,2A,BAL,2026-09-17T17:12:48Z
2,JAC 2,2A,TB,2026-09-17T00:21:15Z
2,Lljuergs 2,2A,NO,2026-09-16T21:26:45Z
2,Richard Olson 2,2A,BAL,2026-09-20T12:23:08Z
2,Nick3l City 2,2A,CIN,2026-09-19T04:04:32Z
2,Jason Jansen 2,2A,TB,2026-09-20T13:22:50Z
2,The Dark Knights 2,2A,TB,2026-09-18T03:17:39Z
2,Karen 2,2A,TB,2026-09-17T23:09:01Z
2,the drake 2,2A,DET,2026-09-17T01:10:25Z
2,A.Lewis 2,2A,TB,2026-09-17T03:46:25Z
2,Trevor Caliebe 2,2A,TB,2026-09-14T08:19:11Z
2,JessiMain 2,2A,GB,2026-09-15T12:29:54Z
2,yogi 1 2,2A,TB,2026-09-18T23:08:59Z
2,ryan miller 2,2A,BAL,2026-09-20T08:33:28Z
2,BillsMafiaJA17 2,2A,BAL,2026-09-13T18:43:11Z
2,Jrusso 2,2A,TB,2026-09-14T08:52:56Z
2,Rizzio 2,2A,NE,2026-09-18T21:23:22Z
2,Bunker Pro 2,2A,HOU,2026-09-16T13:42:18Z
2,.ZF 2,2A,BAL,2026-09-17T18:27:24Z
2,Clemdoggers 2,2A,TB,2026-09-17T02:04:33Z
2,Karn 2,2A,CLE,2026-09-16T23:50:49Z
2,Bren 2,2A,TB,2026-09-17T03:05:24Z
2,akahn 2,2A,NE,2026-09-16T23:07:57Z
2,CSmith311 2,2A,TB,2026-09-14T03:04:06Z
2,BiggyBoy 2,2A,CAR,2026-09-19T19:03:20Z
2,Stoepjo 2,2A,PHI,2026-09-13T22:27:44Z
2,Kish 2,2A,TB,2026-09-14T04:05:19Z
2,Mike Egan 2,2A,BAL,2026-09-14T11:38:19Z
2,Carson 2,2A,GB,2026-09-17T03:17:51Z
2,Dennis/Sheik 2,2A,DET,2026-09-17T03:29:04Z
2,Sheik/Dennis 2,2A,PHI,2026-09-17T22:17:11Z
2,Kim 2,2A,NE,2026-09-19T00:20:32Z
2,Neums 2,2A,CAR,2026-09-15T03:51:49Z
2,Theo G 2,2A,CIN,2026-09-17T18:11:25Z
2,JohnD 2,2A,TB,2026-09-19T13:49:34Z
2,Dan Burnstine 2,2A,PHI,2026-09-16T17:26:09Z
2,Clarkesworld 2,2A,PHI,2026-09-15T11:41:47Z
2,Team Callipygian 2,2A,TB,2026-09-14T12:00:02Z
2,Brian Becker 2,2A,NYJ,2026-09-17T11:47:16Z
2,Sherlock 2,2A,TB,2026-09-19T14:24:37Z
2,Shawn Williams 2,2A,TB,2026-09-18T14:42:01Z
2,Eric Dennis 2,2A,TB,2026-09-16T13:51:17Z
2,JHunt 2,2A,TB,2026-09-18T16:16:56Z
2,Jeff B 2,2A,BAL,2026-09-15T15:19:40Z
2,Deontez 2,2A,BAL,2026-09-19T15:05:14Z
2,Jahoobies 2,2A,PHI,2026-09-20T00:36:18Z
2,The Committee 2,2A,TB,2026-09-14T02:39:39Z
2,Dave LaFond 2,2A,TB,2026-09-08T17:30:20Z
2,Fish1013Sr 2,2A,PHI,2026-09-17T22:03:47Z
2,Jonathan F 2,2A,BUF,2026-09-14T05:10:43Z
2,MNBadger 2,2A,CHI,2026-09-17T22:36:23Z
2,James @Oakside 2,2A,TB,2026-09-08T20:34:16Z
2,Balls-less Walz 2,2A,TEN,2026-09-14T16:08:43Z
2,Johnny$ 2,2A,GB,2026-09-20T01:57:20Z
2,Nick Hayes 2,2A,TB,2026-09-20T16:09:13Z
2,Jokes Sean Can't Take: 2,2A,PHI,2026-09-20T03:45:46Z
2,Meg Camp 2,2A,CLE,2026-09-17T22:04:27Z
2,MyMercedes 2,2A,BAL,2026-09-17T03:37:38Z
2,tnordland 2,2A,BAL,2026-09-18T19:03:43Z
2,Mattulmer05 2,2A,TB,2026-09-15T13:26:29Z
2,Redbull 2,2A,GB,2026-09-15T23:22:01Z
2,Leg 2,2A,PHI,2026-09-15T15:21:27Z
2,Dave Stencil 2,2A,BAL,2026-09-15T15:12:12Z
2,Luke 2,2A,TB,2026-09-17T03:18:12Z
2,VikeQueen 2,2A,TB,2026-09-17T17:41:06Z
2,R.Sprad 2,2A,NYJ,2026-09-20T16:14:56Z
2,bprochaska 2,2A,TB,2026-09-16T21:30:01Z
2,Dennis tatarek 2,2A,TB,2026-09-19T16:40:41Z
2,Hunter W 2,2A,TB,2026-09-20T13:29:35Z
2,Midnight Mortgage 2,2A,TB,2026-09-16T02:31:00Z
2,Lay The Points 2,2A,PHI,2026-09-20T11:50:37Z
2,Joewillie 2,2A,TB,2026-09-17T14:52:17Z
2,Gina Nelson 2,2A,CHI,2026-09-16T03:12:50Z
2,Tennesseeriverballhawk 2,2A,TB,2026-09-17T17:19:07Z
2,Go Hawks 2,2A,CAR,2026-09-20T00:51:09Z
2,Schippy 2,2A,BAL,2026-09-14T00:10:42Z
2,Stephenjm 2,2A,TB,2026-09-20T13:17:37Z
2,Bennyboy 2,2A,TB,2026-09-15T13:20:58Z
2,Tyler O 2,2A,TB,2026-09-20T14:41:55Z
2,Travis Swift 2,2A,TB,2026-09-18T23:45:26Z
2,RevengeoftheMahomes 2,2A,TB,2026-09-17T10:42:20Z
2,Ryan S 2,2A,PHI,2026-09-20T16:07:15Z
2,Laxbromike 2,2A,TB,2026-09-14T16:53:20Z
2,Titzer 2,2A,PHI,2026-09-17T00:46:24Z
2,G unit 2,2A,CAR,2026-09-15T03:44:24Z
2,BabygotDak 2,2A,TB,2026-09-18T16:52:44Z
2,TyshawnLebron 2,2A,GB,2026-09-18T09:50:32Z
2,Peter Sanford 2,2A,PHI,2026-09-20T14:43:52Z
2,NYBarbie 2,2A,BAL,2026-09-19T04:06:06Z
2,Phi43 2,2A,GB,2026-09-20T15:15:25Z
2,vourni 2,2A,CLE,2026-09-15T17:06:44Z
2,Witzee 2,2A,BAL,2026-09-15T03:51:46Z
2,jfleeck 2,2A,BAL,2026-09-17T14:26:20Z
2,DutchOven 2,2A,PIT,2026-09-16T00:15:13Z
2,FredG 2,2A,BAL,2026-09-19T02:03:06Z
2,JoeDemyLocks 2,2A,GB,2026-09-20T15:50:40Z
2,Nelli 2,2A,TB,2026-09-16T14:52:03Z
2,Heinecke 2,2A,PHI,2026-09-17T19:09:39Z
2,Spencer Kelly 2,2A,TB,2026-09-17T02:11:38Z
2,NJV 2,2A,PHI,2026-09-15T23:35:12Z
2,Half Pint Hagen 2,2A,NO,2026-09-16T15:50:54Z
2,Wernz whiffs 2,2A,TB,2026-09-16T20:13:56Z
2,Too Much Estrogen 2,2A,PHI,2026-09-16T03:52:41Z
2,Stella's Got Game 2,2A,TB,2026-09-16T03:51:20Z
2,Skoaldier 2,2A,TB,2026-09-20T16:08:14Z
2,AndrewJ 2,2A,PHI,2026-09-20T00:45:37Z
2,Zweber 2,2A,TEN,2026-09-20T16:57:02Z
2,Homeyjoe 2,2A,TB,2026-09-17T21:02:43Z
2,Jordan Dvorak 2,2A,TB,2026-09-18T00:37:44Z
2,Terhune 2,2A,TB,2026-09-17T16:35:23Z
2,AShores88 2,2A,TB,2026-09-20T16:31:17Z
2,Sweettits 2,2A,TB,2026-09-18T04:24:16Z
2,Shores 2,2A,TB,2026-09-16T19:17:06Z
2,Jake Bazella 2,2A,TB,2026-09-15T04:24:05Z
2,Evanhanz 2,2A,TB,2026-09-19T19:59:02Z
2,Coates55 2,2A,TB,2026-09-13T21:09:43Z
2,destiny01 2,2A,NE,2026-09-18T16:39:03Z
2,DonHollywood 2,2A,TB,2026-09-17T23:32:27Z
2,EZ Does It!! 2,2A,TB,2026-09-14T15:14:09Z
2,#Kevin 2,2A,NO,2026-09-15T14:14:04Z
2,Ntap_chris 2,2A,GB,2026-09-17T13:25:22Z
2,Brain 2,2A,BAL,2026-09-17T21:47:08Z
2,Victor D 2,2A,TB,2026-09-15T14:49:07Z
2,CaliB 2,2A,TB,2026-09-15T17:39:31Z
2,BDvorak 2,2A,BAL,2026-09-20T02:14:42Z
2,SMU 2,2A,PHI,2026-09-20T16:58:16Z
2,CrazyMonkey 2,2A,PHI,2026-09-16T03:56:29Z
2,Smallz 2,2A,TB,2026-09-20T13:15:18Z
2,Fishhead 2,2A,PHI,2026-09-19T05:03:18Z
2,Danielle Caliebe 2,2A,TB,2026-09-15T08:32:18Z
2,BigPlayJ 2,2A,TB,2026-09-16T19:58:23Z
2,JJ’s Winners 1 2,2A,PHI,2026-09-19T02:22:02Z
2,Horseshoe 2,2A,TB,2026-09-16T16:19:28Z
2,Nschram 2,2A,TB,2026-09-20T00:33:58Z
2,Ron Burhite 2,2A,CAR,2026-09-15T17:34:45Z
2,SandmanReject 2,2A,TB,2026-09-20T16:50:35Z
2,Rsmart 2,2A,ATL,2026-09-19T20:35:26Z
2,Cheney 2,2A,TB,2026-09-19T12:48:43Z
2,BigW 2,2A,TB,2026-09-15T03:26:16Z
2,BERP 2,2A,CAR,2026-09-18T17:23:42Z
2,DiederichNS 2,2A,TB,2026-09-20T15:01:01Z
2,RJRT 2,2A,PHI,2026-09-20T16:51:47Z
2,Berns Bags and Friends 2,2A,TB,2026-09-17T02:53:38Z
2,-EV. 2,2A,TB,2026-09-19T17:31:02Z
2,UACATS26 2,2A,TB,2026-09-20T16:55:42Z
2,Old Gregg 2,2A,TB,2026-09-20T16:50:36Z
2,Mabel Miranda 2,2A,TB,2026-09-17T16:56:27Z
2,enerson413 2,2A,TB,2026-09-20T13:35:54Z
2,Papa Funk 1 2,2A,NO,2026-09-20T15:40:53Z
2,Vikingstothebowl 2,2A,TB,2026-09-20T15:15:04Z
2,Yosemite Sam 2,2A,CAR,2026-09-15T21:26:56Z
2,Coop 2,2A,TB,2026-09-20T13:59:52Z
2,The Pigskin 2,2A,TB,2026-09-20T13:17:53Z
2,Winner Winner 2,2A,BAL,2026-09-20T03:52:34Z
2,Greg Lau 2,2A,BAL,2026-09-17T03:35:40Z
2,Cellar Door 2,2A,BAL,2026-09-20T15:33:28Z
2,Edina Jayhawk 2,2A,BAL,2026-09-14T13:10:20Z
2,Show me your TDs 2,2A,PHI,2026-09-20T16:36:21Z
2,Tatarekt 2,2A,CLE,2026-09-20T16:58:08Z
2,Revenge of the Vrabes 2,2A,CAR,2026-09-20T16:31:47Z
2,JCG 2,2A,TB,2026-09-20T01:33:45Z
2,Whig 2,2A,TB,2026-09-20T14:21:45Z
2,Cecil G 2,2A,PHI,2026-09-15T03:22:35Z
2,LukeC 2,2A,BAL,2026-09-14T23:45:20Z
2,Evo 4G63 Lover 2,2A,CHI,2026-09-15T16:02:57Z
2,JM 2,2A,PHI,2026-09-16T22:18:19Z
2,Jesse Martin 2,2A,TB,2026-09-15T19:34:54Z
2,Mr Ed 2,2A,PHI,2026-09-20T05:32:52Z
3,BankofMarquis 3,2A,BAL,2026-09-15T17:49:14Z
3,Duncan 3,2A,BUF,2026-08-23T01:05:54Z
3,Dobolicious 3,2A,PHI,2026-09-17T15:16:13Z
3,QueenJoanie 3,2A,CHI,2026-09-14T13:13:25Z
3,ButterBob 3,2A,TB,2026-09-17T18:46:36Z
3,RecklessDZ 3,2A,CAR,2026-09-16T17:04:44Z
3,Oki 3,2A,TB,2026-09-18T20:43:53Z
3,RobbyMcRobface 3,2A,GB,2026-09-15T20:27:01Z
3,Kory Isley 3,2A,BAL,2026-09-20T02:11:39Z
3,Chronos 3,2A,PHI,2026-09-15T23:54:13Z
3,Robert Dean 3,2A,NE,2026-09-17T03:04:59Z
3,JL2320 3,2A,GB,2026-09-17T01:37:45Z
3,Masterdeflater 3,2A,BAL,2026-09-15T19:54:11Z
3,sweat hogs 3,2A,TB,2026-09-20T15:55:01Z
3,shogi 3,2A,PHI,2026-09-20T15:57:09Z
3,Merril Hoge 3,2A,TB,2026-09-20T15:54:23Z
3,orthogonal 3,2A,PHI,2026-09-20T15:53:21Z
3,Nicks picks 3,2A,ATL,2026-09-14T03:35:43Z
3,Number 9 3,2A,TB,2026-09-14T01:06:19Z
3,Mitch's Maniacs 3,2A,BAL,2026-08-28T19:43:59Z
3,Bottom Feeder 3,2A,CAR,2026-09-20T12:39:45Z
3,Byrdman 3,2A,TB,2026-09-14T18:10:45Z
3,The Rocket 3,2A,BAL,2026-09-17T12:21:40Z
3,CoorsBanquet 3,2A,NO,2026-09-16T00:23:38Z
3,FishKing17 3,2A,CAR,2026-09-14T14:32:34Z
3,X-Ray 3,2A,TB,2026-09-17T15:24:09Z
3,iwasatthesswift-kelcewedding 3,2A,TB,2026-09-16T10:42:50Z
3,Lep 3,2A,TB,2026-09-15T11:00:47Z
3,Eastside 17 3,2A,NO,2026-09-17T21:50:55Z
3,danohara 3,2A,TB,2026-09-20T01:40:00Z
3,CTEasymoney 3,2A,PHI,2026-09-14T23:06:16Z
3,Schwing 3,2A,TB,2026-09-15T22:36:12Z
3,Hain 3,2A,CAR,2026-09-20T14:34:15Z
3,Jacob Goergen 3,2A,CAR,2026-09-14T12:31:15Z
3,Danny Heldt 3,2A,CAR,2026-09-14T16:18:43Z
3,Nube 3,2A,GB,2026-09-16T22:57:03Z
3,Alex Allen 3,2A,PHI,2026-09-17T01:53:57Z
3,ThisIsTheYear 3,2A,HOU,2026-09-15T15:33:29Z
3,The Lock of the Week 3,2A,BAL,2026-09-14T13:01:07Z
3,One Pump Love & Dump 3,2A,TEN,2026-09-14T17:48:07Z
3,Shannon 3,2A,TB,2026-09-19T16:38:15Z
3,Redgem 3,2A,TB,2026-09-16T03:43:44Z
3,BCAT 3,2A,BAL,2026-09-15T05:13:21Z
3,IBian 3,2A,TB,2026-09-15T21:02:52Z
3,Psorensen 3,2A,TB,2026-09-17T00:36:02Z
3,SkolVikes 3,2A,BAL,2026-09-15T16:46:40Z
3,WZKB 3,2A,CAR,2026-09-15T16:09:17Z
3,AssKickers 3,2A,CAR,2026-09-20T16:40:47Z
3,JEG#1 3,2A,CAR,2026-09-17T22:38:42Z
3,Bob & Jackie 3,2A,PHI,2026-09-17T01:11:51Z
3,Sidders 3,2A,NYJ,2026-09-15T09:52:52Z
3,Brock 3,2A,PHI,2026-09-14T22:20:32Z
3,TJB 3,2A,NE,2026-09-17T00:27:13Z
3,Skooter 3,2A,PHI,2026-09-14T02:01:23Z
3,Garner 3,2A,PIT,2026-09-15T15:08:56Z
3,BS 3,2A,TB,2026-09-20T12:23:50Z
3,GWhite 3,2A,TB,2026-09-17T00:51:44Z
3,CWHITE 3,2A,BAL,2026-09-15T23:46:47Z
3,Luke K 3,2A,BAL,2026-09-20T04:17:09Z
3,BLURRS 3,2A,NE,2026-09-18T23:56:11Z
3,Randall_R 3,2A,TB,2026-09-16T14:35:57Z
3,a.schneck 3,2A,BAL,2026-09-13T22:58:30Z
3,The Modern Day Maharaja 3,2A,TB,2026-09-17T03:12:07Z
3,Tim Kost 3,2A,BAL,2026-09-17T13:29:45Z
3,The Hip 3,2A,ATL,2026-09-14T13:54:16Z
3,AJ 3,2A,BAL,2026-09-15T02:35:41Z
3,BadaBehm 3,2A,TB,2026-09-13T23:27:12Z
3,Keith Oerther 2 3,2A,BAL,2026-09-14T16:39:41Z
3,GopherNation! 3,2A,TB,2026-09-17T22:23:56Z
3,Sathre 3,2A,TB,2026-09-19T21:13:43Z
3,A.K.A. King Gio 3,2A,TB,2026-09-19T06:29:26Z
3,.buckle up 3,2A,TB,2026-09-15T17:45:59Z
3,tkirchgraber 3,2A,GB,2026-09-20T14:46:58Z
3,Simanek 3,2A,CHI,2026-09-15T00:51:12Z
3,Skidmark 3,2A,BAL,2026-09-14T10:36:04Z
3,TommyGun 3,2A,TB,2026-09-17T13:32:55Z
3,OMB 3,2A,TB,2026-09-15T12:56:39Z
3,D-dog 3,2A,CAR,2026-09-15T01:39:05Z
3,Liamo 3,2A,TB,2026-09-17T03:05:50Z
3,CJ2 3,2A,TB,2026-09-19T14:38:57Z
3,John DesJardins 3,2A,TB,2026-09-15T15:16:09Z
3,Halftrack 3,2A,GB,2026-09-19T15:27:52Z
3,Ibinger 3,2A,BAL,2026-09-16T21:13:50Z
3,Bigtippers 3,2A,TB,2026-09-14T19:00:24Z
3,Team Green 3,2A,GB,2026-09-14T11:46:38Z
3,Lljuergs 3,2A,TB,2026-09-16T21:27:10Z
3,Richard Olson 3,2A,TB,2026-09-20T12:23:30Z
3,Travis K 3,2A,BAL,2026-09-15T13:58:50Z
3,Jason Jansen 3,2A,PHI,2026-09-20T13:20:48Z
3,Weichert 3,2A,TB,2026-09-20T13:01:19Z
3,Trevor Caliebe 3,2A,CAR,2026-09-14T08:16:29Z
3,MikeM 3,2A,BAL,2026-09-20T14:15:27Z
3,Double Ds 3,2A,BAL,2026-09-15T15:18:45Z
3,ryan miller 3,2A,TB,2026-09-20T08:33:33Z
3,BillsMafiaJA17 3,2A,BAL,2026-09-13T18:43:13Z
3,AndrewL 3,2A,BAL,2026-09-15T17:43:41Z
3,Rizzio 3,2A,TB,2026-09-15T21:15:37Z
3,Karn 3,2A,BAL,2026-09-16T23:52:04Z
3,Early Exit 3,2A,BAL,2026-09-18T00:05:12Z
3,akahn 3,2A,TB,2026-09-16T23:08:18Z
3,CSmith311 3,2A,TB,2026-09-14T03:04:10Z
3,Tetlow 3,2A,BUF,2026-09-15T10:56:46Z
3,Mike Egan 3,2A,TB,2026-09-14T11:38:24Z
3,Steiger Family 3,2A,TB,2026-09-18T03:43:20Z
3,Kim 3,2A,BAL,2026-09-19T00:20:41Z
3,Jacob Kost 3,2A,TB,2026-09-15T04:53:58Z
3,JohnD 3,2A,CAR,2026-09-19T13:59:22Z
3,Clarkesworld 3,2A,BAL,2026-09-15T11:42:01Z
3,Flickertails 3,2A,TB,2026-09-14T12:58:01Z
3,Jobu's Rum 3,2A,PHI,2026-09-14T06:37:18Z
3,Sherlock 3,2A,DET,2026-09-17T19:50:36Z
3,Eric Dennis 3,2A,TB,2026-09-16T13:51:25Z
3,Bantam Jags! 3,2A,TB,2026-09-14T02:35:31Z
3,The Committee 3,2A,CLE,2026-09-14T02:36:57Z
3,Whole mess of crepes 3,2A,CAR,2026-09-20T12:36:54Z
3,Jonathan F 3,2A,PHI,2026-09-14T05:11:02Z
3,Nick Latzke 3,2A,TB,2026-09-16T14:45:31Z
3,Thakur 3,2A,BAL,2026-09-20T14:31:39Z
3,Thiglife50 3,2A,TB,2026-09-19T21:49:34Z
3,James @Oakside 3,2A,TB,2026-09-08T20:34:22Z
3,IRA 3,2A,BAL,2026-09-17T17:32:57Z
3,MyMercedes 3,2A,TB,2026-09-17T03:37:58Z
3,Redbull 3,2A,PHI,2026-09-15T23:23:04Z
3,JEnerson 3,2A,GB,2026-09-16T00:42:37Z
3,R.Sprad 3,2A,GB,2026-09-20T16:15:46Z
3,TurfToe 3,2A,TB,2026-09-17T15:20:52Z
3,Midnight Mortgage 3,2A,PHI,2026-09-16T03:17:13Z
3,Gina Nelson 3,2A,PHI,2026-09-16T03:06:09Z
3,Troy Michaels 3,2A,TB,2026-09-20T15:47:24Z
3,Bennyboy 3,2A,ATL,2026-09-15T13:23:14Z
3,Tyler O 3,2A,PHI,2026-09-20T14:42:22Z
3,RevengeoftheMahomes 3,2A,TB,2026-09-17T10:42:23Z
3,Loser 3,2A,TB,2026-09-18T00:01:54Z
3,Procure 3,2A,PHI,2026-09-17T03:04:44Z
3,Ryan S 3,2A,BAL,2026-09-20T16:07:22Z
3,BabygotDak 3,2A,PHI,2026-09-18T16:52:52Z
3,TyshawnLebron 3,2A,TB,2026-09-15T20:09:19Z
3,DirtyBird 3,2A,PHI,2026-09-18T00:02:40Z
3,jfleeck 3,2A,TB,2026-09-17T14:26:24Z
3,DutchOven 3,2A,PIT,2026-09-16T00:15:20Z
3,FredG 3,2A,TB,2026-09-19T02:03:54Z
3,BDB116 3,2A,TB,2026-09-20T03:05:21Z
3,JoeDemyLocks 3,2A,TB,2026-09-20T15:50:48Z
3,Benbewinning 3,2A,GB,2026-09-14T23:30:01Z
3,Half Pint Hagen 3,2A,GB,2026-09-16T15:51:22Z
3,Wernz whiffs 3,2A,BAL,2026-09-16T20:14:14Z
3,AndrewJ 3,2A,TB,2026-09-20T00:45:45Z
3,Zweber 3,2A,BAL,2026-09-20T16:55:23Z
3,Homeyjoe 3,2A,BAL,2026-09-17T21:04:54Z
3,Jordan Dvorak 3,2A,BAL,2026-09-18T00:37:51Z
3,MandB 3,2A,TB,2026-09-17T22:08:33Z
3,AShores88 3,2A,BAL,2026-09-20T16:31:28Z
3,Sweettits 3,2A,CAR,2026-09-20T16:51:16Z
3,Shores 3,2A,BAL,2026-09-16T19:17:13Z
3,Coates55 3,2A,TB,2026-09-13T21:09:47Z
3,destiny01 3,2A,TB,2026-09-18T16:39:16Z
3,DonHollywood 3,2A,BAL,2026-09-17T23:32:34Z
3,Cory  S 3,2A,TB,2026-09-16T00:45:45Z
3,EZ Does It!! 3,2A,TB,2026-09-14T15:12:53Z
3,DirtyBirdie 3,2A,TB,2026-09-19T19:32:08Z
3,sdanciak 3,2A,BAL,2026-09-15T09:03:49Z
3,SMU 3,2A,GB,2026-09-20T13:56:27Z
3,CrazyMonkey 3,2A,PHI,2026-09-16T03:56:33Z
3,Fishhead 3,2A,BAL,2026-09-19T05:03:40Z
3,Nschram 3,2A,CAR,2026-09-20T00:31:53Z
3,Steve Demy 3,2A,BAL,2026-09-19T22:14:22Z
3,Cat 3,2A,TB,2026-09-20T13:33:10Z
3,BERP 3,2A,PHI,2026-09-18T17:22:59Z
3,RJRT 3,2A,PHI,2026-09-20T16:52:05Z
3,Berns Bags and Friends 3,2A,TB,2026-09-17T02:53:41Z
3,-EV. 3,2A,TB,2026-09-19T17:31:06Z
3,Old Gregg 3,2A,HOU,2026-09-20T16:49:19Z
3,Mabel Miranda 3,2A,TB,2026-09-17T16:56:32Z
3,enerson413 3,2A,BAL,2026-09-20T13:35:59Z
3,Showtime 3,2A,TB,2026-09-20T14:59:14Z
3,Papa Funk 1 3,2A,BAL,2026-09-20T15:38:48Z
3,Yosemite Sam 3,2A,TB,2026-09-15T21:27:22Z
3,Brian Hanson 3,2A,TB,2026-09-18T13:45:09Z
3,Cellar Door 3,2A,GB,2026-09-20T15:34:15Z
3,Show me your TDs 3,2A,PHI,2026-09-20T16:25:30Z
3,Skol to the Bowl 3,2A,TEN,2026-09-20T16:56:49Z
3,Revenge of the Vrabes 3,2A,BAL,2026-09-20T16:32:28Z
3,Cecil G 3,2A,TB,2026-09-15T03:22:49Z
3,Pooter 3,2A,TB,2026-09-18T12:23:27Z
3,Matthew Cox 3,2A,PHI,2026-09-18T21:50:00Z
3,Proasscoach 3,2A,TB,2026-09-15T16:51:35Z
3,Angiegirl 3,2A,CHI,2026-09-16T20:26:01Z
3,Evo 4G63 Lover 3,2A,BAL,2026-09-15T16:03:09Z
3,JM 3,2A,TB,2026-09-16T22:19:28Z
3,Johnny$ 3,2A,TEN,2026-09-20T01:56:43Z
4,Stow 4,2A,BAL,2026-09-16T22:34:15Z
4,BossHogg 4,2A,TB,2026-09-20T15:52:32Z
4,Dobolicious 4,2A,NE,2026-09-17T15:16:22Z
4,QueenJoanie 4,2A,TB,2026-09-14T13:13:38Z
4,Larry Hess 4,2A,BAL,2026-09-14T16:22:26Z
4,Tim The Enchanter 4,2A,TB,2026-09-14T17:30:14Z
4,Kory Isley 4,2A,TB,2026-09-20T02:12:29Z
4,Robert Dean 4,2A,TB,2026-09-17T03:05:12Z
4,HSJL 4,2A,PHI,2026-09-17T00:34:29Z
4,Scoots28 4,2A,TB,2026-09-17T16:26:16Z
4,Masterdeflater 4,2A,CHI,2026-09-15T19:55:01Z
4,sweat hogs 4,2A,CHI,2026-09-20T15:55:06Z
4,shogi 4,2A,TB,2026-09-20T15:57:14Z
4,Merril Hoge 4,2A,BAL,2026-09-20T15:54:28Z
4,orthogonal 4,2A,TB,2026-09-20T15:53:27Z
4,Nicks picks 4,2A,ATL,2026-09-14T03:35:45Z
4,Number 9 4,2A,PIT,2026-09-14T01:06:42Z
4,Mitch's Maniacs 4,2A,BAL,2026-08-28T19:43:09Z
4,Bottom Feeder 4,2A,TB,2026-09-20T12:40:21Z
4,FishKing17 4,2A,TB,2026-09-18T19:16:48Z
4,Drago 4,2A,CLE,2026-09-14T18:31:48Z
4,.PALMER 4,2A,NE,2026-09-15T03:58:20Z
4,DCloud 4,2A,PHI,2026-09-18T19:09:24Z
4,Lep 4,2A,TB,2026-09-15T11:00:52Z
4,CGully 4,2A,TB,2026-09-14T14:36:42Z
4,Eastside 17 4,2A,PHI,2026-09-20T14:38:49Z
4,Greenlun 4,2A,CAR,2026-09-16T00:42:57Z
4,Schwing 4,2A,TB,2026-09-15T22:32:55Z
4,Hain 4,2A,MIN,2026-09-20T14:49:37Z
4,Jacob Goergen 4,2A,TB,2026-09-14T12:31:29Z
4,ThisIsTheYear 4,2A,GB,2026-09-15T00:19:39Z
4,The Lock of the Week 4,2A,TB,2026-09-14T13:00:43Z
4,One Pump Love & Dump 4,2A,MIN,2026-09-14T17:48:31Z
4,IBian 4,2A,TB,2026-09-15T21:02:54Z
4,Psorensen 4,2A,PHI,2026-09-17T00:37:06Z
4,Fletch 4,2A,BAL,2026-09-17T21:48:23Z
4,WZKB 4,2A,HOU,2026-09-15T16:09:44Z
4,AssKickers 4,2A,PHI,2026-09-15T12:08:02Z
4,Fielder 4,2A,NE,2026-09-14T16:49:07Z
4,JEG#1 4,2A,CIN,2026-09-17T22:41:15Z
4,PB -  jd/ct 4,2A,TB,2026-09-17T01:03:32Z
4,Bob & Jackie 4,2A,TEN,2026-09-17T01:11:56Z
4,TG94 4,2A,TB,2026-09-15T14:46:19Z
4,Skooter 4,2A,NYJ,2026-09-14T02:00:40Z
4,BCAT 4,2A,BAL,2026-09-15T05:13:32Z
4,The Rocket 4,2A,PHI,2026-09-17T12:22:12Z
4,Nube 4,2A,TB,2026-09-16T22:58:19Z
4,BS 4,2A,TB,2026-09-20T12:24:01Z
4,GWhite 4,2A,NO,2026-09-17T14:38:33Z
4,CWHITE 4,2A,TB,2026-09-15T23:45:46Z
4,Randall_R 4,2A,TB,2026-09-16T14:35:59Z
4,Savage outdoors 4,2A,BAL,2026-09-20T09:52:36Z
4,Tim Kost 4,2A,BAL,2026-09-17T13:29:53Z
4,CTaylor 4,2A,CHI,2026-09-15T21:11:35Z
4,Ray LaMarca 4,2A,CAR,2026-09-14T12:37:51Z
4,BadaBehm 4,2A,TB,2026-09-13T23:28:40Z
4,Sathre 4,2A,TB,2026-09-14T01:04:22Z
4,.buckle up 4,2A,TB,2026-09-15T04:20:15Z
4,lance manion 4,2A,CHI,2026-09-15T03:53:15Z
4,tchristl 4,2A,CIN,2026-09-14T19:08:42Z
4,Skidmark 4,2A,NYJ,2026-09-14T10:36:38Z
4,Unregulated 4,2A,BAL,2026-09-18T17:01:00Z
4,TommyGun 4,2A,TB,2026-09-16T16:27:04Z
4,OMB 4,2A,TB,2026-09-15T12:56:41Z
4,Liamo 4,2A,CHI,2026-09-17T03:05:57Z
4,CJ2 4,2A,GB,2026-09-19T14:39:26Z
4,Halftrack 4,2A,CAR,2026-09-19T15:28:09Z
4,Tolly 4,2A,BAL,2026-09-16T22:34:15Z
4,Travis K 4,2A,TB,2026-09-18T18:06:21Z
4,The Dark Knights 4,2A,DET,2026-09-14T18:18:23Z
4,slyoss 4,2A,TB,2026-09-19T18:45:15Z
4,Mal 4,2A,NE,2026-09-20T16:08:15Z
4,Trevor Caliebe 4,2A,TB,2026-09-14T08:18:33Z
4,yogi 1 4,2A,CAR,2026-09-18T23:07:22Z
4,ryan miller 4,2A,GB,2026-09-20T08:33:39Z
4,.ZF 4,2A,TB,2026-09-17T18:27:45Z
4,Cryan 4,2A,TB,2026-09-20T15:56:56Z
4,akahn 4,2A,GB,2026-09-16T23:11:18Z
4,CSmith311 4,2A,TB,2026-09-16T20:34:33Z
4,Mike Egan 4,2A,TB,2026-09-14T11:38:28Z
4,Steiger Family 4,2A,GB,2026-09-14T13:51:22Z
4,Dennis/Sheik 4,2A,CAR,2026-09-20T16:12:42Z
4,Theo G 4,2A,CIN,2026-09-20T00:17:21Z
4,Team Callipygian 4,2A,TB,2026-09-14T12:00:06Z
4,Jobu's Rum 4,2A,BAL,2026-09-14T06:37:36Z
4,Sherlock 4,2A,MIN,2026-09-17T19:51:59Z
4,Kraigisley 4,2A,TB,2026-09-15T21:39:52Z
4,Grandview Zebras 4,2A,PHI,2026-09-16T03:04:34Z
4,The Committee 4,2A,BAL,2026-09-14T02:39:48Z
4,Jonathan F 4,2A,PIT,2026-09-14T05:11:15Z
4,Nick Latzke 4,2A,TB,2026-09-16T14:38:46Z
4,James @Oakside 4,2A,CLE,2026-09-15T15:27:43Z
4,Megs 4,2A,NO,2026-09-15T21:36:38Z
4,Nick Hayes 4,2A,BAL,2026-09-20T16:11:07Z
4,Jokes Sean Can't Take: 4,2A,TB,2026-09-20T03:46:43Z
4,YOURFACE 4,2A,BAL,2026-09-16T21:32:13Z
4,MyMercedes 4,2A,BUF,2026-09-17T03:39:05Z
4,JEnerson 4,2A,PHI,2026-09-16T00:43:03Z
4,R.Sprad 4,2A,CAR,2026-09-20T16:16:37Z
4,bprochaska 4,2A,BAL,2026-09-16T21:30:23Z
4,Lay The Points 4,2A,NE,2026-09-20T11:50:56Z
4,Gina Nelson 4,2A,NE,2026-09-16T03:06:33Z
4,Schippy 4,2A,TEN,2026-09-14T00:14:54Z
4,Troy Michaels 4,2A,BAL,2026-09-20T15:49:54Z
4,Ryan S 4,2A,TB,2026-09-20T16:07:30Z
4,Titzer 4,2A,BAL,2026-09-17T16:50:26Z
4,Phi43 4,2A,CAR,2026-09-20T15:15:11Z
4,Witzee 4,2A,TB,2026-09-16T20:02:14Z
4,jfleeck 4,2A,TB,2026-09-17T14:26:26Z
4,NJV 4,2A,GB,2026-09-15T23:35:48Z
4,Half Pint Hagen 4,2A,TB,2026-09-16T15:51:49Z
4,AndrewJ 4,2A,TB,2026-09-20T00:46:22Z
4,Big Blue 4,2A,TB,2026-09-19T17:40:42Z
4,MandB 4,2A,TB,2026-09-19T17:43:52Z
4,Jake Bazella 4,2A,TB,2026-09-18T20:54:07Z
4,WeRunSolo 4,2A,BAL,2026-09-14T03:31:32Z
4,Spoonman 4,2A,PHI,2026-09-17T13:07:28Z
4,Coates55 4,2A,TB,2026-09-13T21:09:50Z
4,DonHollywood 4,2A,NO,2026-09-17T23:33:07Z
4,DirtyBirdie 4,2A,TB,2026-09-19T19:32:15Z
4,Victor D 4,2A,TB,2026-09-15T14:50:37Z
4,Nschram 4,2A,PHI,2026-09-20T00:32:12Z
4,Steve Demy 4,2A,PHI,2026-09-17T20:31:32Z
4,Cat 4,2A,TB,2026-09-20T13:38:31Z
4,Swarner 4,2A,TB,2026-09-14T15:11:05Z
4,Rsmart 4,2A,HOU,2026-09-19T20:36:28Z
4,RJRT 4,2A,PHI,2026-09-20T16:54:17Z
4,Berns Bags and Friends 4,2A,TB,2026-09-17T02:53:44Z
4,-EV. 4,2A,CHI,2026-09-19T17:31:57Z
4,Dang 4,2A,TB,2026-09-17T12:40:39Z
4,Old Gregg 4,2A,CIN,2026-09-20T16:49:38Z
4,Mabel Miranda 4,2A,TB,2026-09-17T16:56:35Z
4,Showtime 4,2A,PHI,2026-09-20T15:00:43Z
4,Papa Funk 1 4,2A,BAL,2026-09-20T15:38:56Z
4,Yosemite Sam 4,2A,TB,2026-09-15T21:27:28Z
4,Greg Lau 4,2A,TB,2026-09-17T03:36:34Z
4,Val Estrada 4,2A,TB,2026-09-17T12:44:02Z
4,Skol to the Bowl 4,2A,CIN,2026-09-20T16:57:28Z
4,Revenge of the Vrabes 4,2A,NE,2026-09-20T16:33:01Z
4,Pooter 4,2A,BAL,2026-09-18T12:24:15Z
4,Angiegirl 4,2A,TB,2026-09-16T20:26:39Z
4,JM 4,2A,BAL,2026-09-16T22:19:37Z
5,Stow 5,2A,BAL,2026-09-16T22:34:15Z
5,Dobolicious 5,2A,TB,2026-09-17T15:16:29Z
5,QueenJoanie 5,2A,BAL,2026-09-14T13:13:44Z
5,RobbyMcRobface 5,2A,CHI,2026-09-15T20:27:29Z
5,Chronos 5,2A,CLE,2026-09-15T23:53:33Z
5,HSJL 5,2A,PHI,2026-09-17T00:34:40Z
5,Scoots28 5,2A,TB,2026-09-17T16:26:18Z
5,sweat hogs 5,2A,CHI,2026-09-20T15:55:12Z
5,Muskhogeans 5,2A,BAL,2026-09-20T15:57:56Z
5,shogi 5,2A,TB,2026-09-20T15:57:20Z
5,Merril Hoge 5,2A,BAL,2026-09-20T15:54:34Z
5,orthogonal 5,2A,CHI,2026-09-20T15:59:02Z
5,Nicks picks 5,2A,TB,2026-09-14T03:36:05Z
5,Number 9 5,2A,GB,2026-09-14T01:07:15Z
5,Mitch's Maniacs 5,2A,BAL,2026-08-28T19:42:55Z
5,Bottom Feeder 5,2A,TB,2026-09-20T12:40:13Z
5,CoorsBanquet 5,2A,TB,2026-09-17T21:56:23Z
5,FishKing17 5,2A,ATL,2026-09-18T19:17:06Z
5,X-Ray 5,2A,TB,2026-09-17T15:24:18Z
5,Drago 5,2A,TB,2026-09-14T18:30:40Z
5,DCloud 5,2A,BAL,2026-09-18T19:09:54Z
5,iwasatthesswift-kelcewedding 5,2A,NE,2026-09-16T10:44:36Z
5,Lep 5,2A,GB,2026-09-15T11:00:58Z
5,CGully 5,2A,PHI,2026-09-14T14:37:06Z
5,Schwing 5,2A,BAL,2026-09-15T22:33:07Z
5,Hain 5,2A,TB,2026-09-19T14:17:26Z
5,ThisIsTheYear 5,2A,CAR,2026-09-15T00:20:11Z
5,The Lock of the Week 5,2A,PHI,2026-09-14T13:00:47Z
5,One Pump Love & Dump 5,2A,NE,2026-09-14T17:50:29Z
5,IBian 5,2A,TB,2026-09-15T21:02:56Z
5,Psorensen 5,2A,PHI,2026-09-17T00:37:10Z
5,Tony G 5,2A,TB,2026-09-17T17:40:16Z
5,Fielder 5,2A,CAR,2026-09-14T16:49:21Z
5,JEG#1 5,2A,DET,2026-09-17T22:50:25Z
5,PB -  jd/ct 5,2A,TB,2026-09-17T01:04:52Z
5,Garner 5,2A,TB,2026-09-15T15:10:10Z
5,BCAT 5,2A,BAL,2026-09-15T05:13:40Z
5,The Rocket 5,2A,BAL,2026-09-17T12:22:22Z
5,BS 5,2A,TB,2026-09-20T12:24:07Z
5,GWhite 5,2A,HOU,2026-09-17T00:52:24Z
5,Randall_R 5,2A,TB,2026-09-16T14:36:00Z
5,Raider Haters 5,2A,PHI,2026-09-20T16:33:01Z
5,Savage outdoors 5,2A,PHI,2026-09-20T09:52:42Z
5,CTaylor 5,2A,ATL,2026-09-15T21:12:15Z
5,Jake’s Irish 5,2A,CHI,2026-09-14T03:48:36Z
5,Tamasi 5,2A,BAL,2026-09-17T20:44:09Z
5,A.K.A. King Gio 5,2A,CHI,2026-09-19T06:29:41Z
5,.buckle up 5,2A,TB,2026-09-15T17:46:12Z
5,Simanek 5,2A,PHI,2026-09-15T00:50:23Z
5,SJU 5,2A,CLE,2026-09-16T23:50:37Z
5,Skidmark 5,2A,TB,2026-09-14T10:37:16Z
5,TommyGun 5,2A,TB,2026-09-16T13:15:47Z
5,OMB 5,2A,TB,2026-09-15T12:56:43Z
5,RabidGophers 5,2A,NE,2026-09-20T15:13:33Z
5,Liamo 5,2A,TB,2026-09-18T01:12:44Z
5,CJ2 5,2A,BAL,2026-09-19T14:40:37Z
5,Jon Swanson 5,2A,ATL,2026-09-17T23:14:42Z
5,Tolly 5,2A,TB,2026-09-16T22:34:15Z
5,Travis K 5,2A,TB,2026-09-15T13:58:57Z
5,slyoss 5,2A,TB,2026-09-19T18:45:17Z
5,Rhodekill 5,2A,BAL,2026-09-16T01:37:53Z
5,A.Lewis 5,2A,BAL,2026-09-17T03:48:54Z
5,Trevor Caliebe 5,2A,TB,2026-09-14T08:18:39Z
5,MikeM 5,2A,TB,2026-09-20T14:17:05Z
5,AndrewL 5,2A,NE,2026-09-15T17:45:16Z
5,Early Exit 5,2A,BUF,2026-09-18T00:01:36Z
5,Cryan 5,2A,TB,2026-09-20T15:57:00Z
5,akahn 5,2A,CAR,2026-09-16T23:12:03Z
5,Tetlow 5,2A,TB,2026-09-15T10:57:28Z
5,Mike Egan 5,2A,TB,2026-09-14T11:38:33Z
5,Steiger Family 5,2A,GB,2026-09-20T13:39:40Z
5,Kim 5,2A,TB,2026-09-19T02:12:25Z
5,Theo G 5,2A,CAR,2026-09-20T00:17:47Z
5,JohnD 5,2A,PIT,2026-09-19T13:57:53Z
5,Jobu's Rum 5,2A,CHI,2026-09-14T06:37:59Z
5,bjoachim 5,2A,BAL,2026-09-15T16:11:25Z
5,Jahoobies 5,2A,CHI,2026-09-20T00:36:57Z
5,The Committee 5,2A,TB,2026-09-14T02:40:18Z
5,Nick Latzke 5,2A,TB,2026-09-16T14:39:03Z
5,Thakur 5,2A,CAR,2026-09-20T14:32:00Z
5,James @Oakside 5,2A,TB,2026-09-08T20:34:32Z
5,YOURFACE 5,2A,TB,2026-09-17T11:35:43Z
5,R.Sprad 5,2A,PHI,2026-09-20T16:16:48Z
5,bprochaska 5,2A,NO,2026-09-16T21:30:51Z
5,Gina Nelson 5,2A,GB,2026-09-16T03:06:42Z
5,Bennyboy 5,2A,GB,2026-09-15T13:24:18Z
5,laruffa 5,2A,PHI,2026-09-20T15:03:22Z
5,Travis Swift 5,2A,CLE,2026-09-20T15:31:36Z
5,RevengeoftheMahomes 5,2A,BAL,2026-09-17T10:43:53Z
5,G unit 5,2A,BAL,2026-09-15T03:35:13Z
5,TyshawnLebron 5,2A,TB,2026-09-15T20:10:02Z
5,Witzee 5,2A,HOU,2026-09-16T20:02:25Z
5,FredG 5,2A,NO,2026-09-16T04:49:06Z
5,NJV 5,2A,TB,2026-09-15T23:35:55Z
5,Half Pint Hagen 5,2A,PHI,2026-09-16T15:52:38Z
5,Big Blue 5,2A,TB,2026-09-19T17:40:50Z
5,MandB 5,2A,NO,2026-09-19T17:46:26Z
5,AShores88 5,2A,TB,2026-09-20T16:32:15Z
5,WeRunSolo 5,2A,TB,2026-09-14T03:31:55Z
5,Spoonman 5,2A,TB,2026-09-17T13:08:35Z
5,Coates55 5,2A,TB,2026-09-13T21:09:54Z
5,DonHollywood 5,2A,BUF,2026-09-17T23:33:23Z
5,Victor D 5,2A,PHI,2026-09-15T14:51:50Z
5,Nschram 5,2A,TB,2026-09-20T00:33:04Z
5,Steve Demy 5,2A,TB,2026-09-17T20:32:02Z
5,Swarner 5,2A,TB,2026-09-14T15:11:08Z
5,Rsmart 5,2A,TB,2026-09-19T20:38:59Z
5,RJRT 5,2A,PHI,2026-09-20T16:53:09Z
5,Berns Bags and Friends 5,2A,TB,2026-09-17T02:53:46Z
5,Old Gregg 5,2A,TB,2026-09-20T16:52:58Z
5,Mabel Miranda 5,2A,BAL,2026-09-17T16:57:10Z
5,Papa Funk 1 5,2A,BAL,2026-09-20T15:39:26Z
5,Matty Ice 5,2A,TB,2026-09-20T15:40:07Z
5,Show me your TDs 5,2A,BAL,2026-09-20T16:25:10Z
5,Skol to the Bowl 5,2A,TB,2026-09-20T16:57:46Z
5,Revenge of the Vrabes 5,2A,CHI,2026-09-20T16:34:36Z
5,JCG 5,2A,NE,2026-09-20T01:35:16Z
5,Cat 5,2A,PHI,2026-09-20T13:38:51Z
6,Stow 6,2A,PHI,2026-09-16T22:34:15Z
6,BossHogg 6,2A,TB,2026-09-20T15:52:41Z
6,Dobolicious 6,2A,BAL,2026-09-17T15:16:37Z
6,Oki 6,2A,TB,2026-09-20T16:55:49Z
6,Chronos 6,2A,BAL,2026-09-15T23:55:48Z
6,HSJL 6,2A,MIN,2026-09-15T12:39:21Z
6,Scoots28 6,2A,TB,2026-09-17T16:26:21Z
6,sweat hogs 6,2A,PHI,2026-09-20T15:55:16Z
6,Muskhogeans 6,2A,BAL,2026-09-20T15:58:02Z
6,shogi 6,2A,TB,2026-09-20T15:55:54Z
6,Merril Hoge 6,2A,BAL,2026-09-20T15:58:31Z
6,Nicks picks 6,2A,TB,2026-09-14T03:36:08Z
6,Number 9 6,2A,BAL,2026-09-14T01:07:37Z
6,FishKing17 6,2A,CAR,2026-09-14T14:32:57Z
6,X-Ray 6,2A,TB,2026-09-17T15:24:20Z
6,.PALMER 6,2A,TEN,2026-09-15T21:12:21Z
6,Lep 6,2A,PHI,2026-09-15T11:01:37Z
6,Greenlun 6,2A,PHI,2026-09-16T00:44:49Z
6,Redgem 6,2A,TB,2026-09-16T03:44:12Z
6,Psorensen 6,2A,PHI,2026-09-17T00:37:13Z
6,Tony G 6,2A,CAR,2026-09-17T17:40:33Z
6,PB -  jd/ct 6,2A,BAL,2026-09-15T17:31:02Z
6,BigCat#30 - 6,2A,PHI,2026-09-20T15:54:41Z
6,Randall_R 6,2A,TB,2026-09-16T14:36:02Z
6,Tim Kost 6,2A,TB,2026-09-17T13:30:02Z
6,CTaylor 6,2A,NYJ,2026-09-15T21:12:39Z
6,Jake’s Irish 6,2A,PHI,2026-09-14T03:48:55Z
6,Tamasi 6,2A,TB,2026-09-17T20:44:19Z
6,.buckle up 6,2A,TB,2026-09-15T04:23:38Z
6,SJU 6,2A,PHI,2026-09-17T21:12:32Z
6,Skidmark 6,2A,PHI,2026-09-15T20:34:18Z
6,RabidGophers 6,2A,PHI,2026-09-20T15:13:15Z
6,slyoss 6,2A,TB,2026-09-19T18:45:20Z
6,A.Lewis 6,2A,GB,2026-09-17T03:49:16Z
6,Trevor Caliebe 6,2A,TB,2026-09-14T08:18:44Z
6,AndrewL 6,2A,TB,2026-09-15T17:36:20Z
6,CSmith311 6,2A,TB,2026-09-15T13:49:50Z
6,Shot to the Chops 6,2A,TB,2026-09-14T13:22:34Z
6,Steiger Family 6,2A,TB,2026-09-08T18:17:43Z
6,JohnD 6,2A,PHI,2026-09-19T13:55:36Z
6,Team Callipygian 6,2A,TB,2026-09-18T00:32:24Z
6,Sherlock 6,2A,BAL,2026-09-19T19:40:09Z
6,bjoachim 6,2A,BAL,2026-09-15T16:11:36Z
6,Grandview Zebras 6,2A,TB,2026-09-16T03:05:41Z
6,The Committee 6,2A,NO,2026-09-14T02:37:40Z
6,Nick Latzke 6,2A,PHI,2026-09-16T14:39:35Z
6,YOURFACE 6,2A,NE,2026-09-16T21:32:55Z
6,Gina Nelson 6,2A,TB,2026-09-16T03:06:54Z
6,Schippy 6,2A,NO,2026-09-14T00:16:28Z
6,Troy Michaels 6,2A,CHI,2026-09-20T15:52:19Z
6,laruffa 6,2A,TB,2026-09-20T15:03:38Z
6,James @Oakside 6,2A,TB,2026-09-15T15:26:40Z
6,Witzee 6,2A,CAR,2026-09-16T20:03:12Z
6,Jordan Dvorak 6,2A,GB,2026-09-18T00:26:36Z
6,MandB 6,2A,PHI,2026-09-19T17:46:57Z
6,Steve Demy 6,2A,BAL,2026-09-17T20:32:11Z
6,Swarner 6,2A,GB,2026-09-14T15:11:12Z
6,Berns Bags and Friends 6,2A,TB,2026-09-17T02:53:48Z
6,Raider Haters 6,2A,TB,2026-09-17T17:48:24Z
6,Mabel Miranda 6,2A,BAL,2026-09-17T16:57:14Z
6,Showtime 6,2A,CHI,2026-09-20T16:33:40Z
6,Matty Ice 6,2A,TB,2026-09-20T15:40:23Z
6,Proasscoach 6,2A,BAL,2026-09-15T16:52:29Z
6,ThisIsTheYear 6,2A,PHI,2026-09-15T00:20:24Z
7,Larry Hess 7,2A,PHI,2026-09-14T16:23:04Z
7,Oki 7,2A,TB,2026-09-17T04:05:04Z
7,Robert Dean 7,2A,DET,2026-09-17T03:02:26Z
7,HSJL 7,2A,DET,2026-09-15T12:39:32Z
7,Scoots28 7,2A,PHI,2026-09-17T16:27:03Z
7,sweat hogs 7,2A,PHI,2026-09-20T15:55:22Z
7,Muskhogeans 7,2A,CHI,2026-09-20T15:58:06Z
7,shogi 7,2A,TB,2026-09-20T15:56:00Z
7,Merril Hoge 7,2A,BUF,2026-09-17T23:05:03Z
7,Nicks picks 7,2A,BAL,2026-09-14T03:36:12Z
7,FishKing17 7,2A,PHI,2026-09-14T14:33:07Z
7,Lep 7,2A,PHI,2026-09-15T11:01:45Z
7,Eastside 17 7,2A,BAL,2026-09-17T21:51:48Z
7,Greenlun 7,2A,TB,2026-09-14T09:58:22Z
7,One Pump Love & Dump 7,2A,TB,2026-09-14T17:52:39Z
7,Tony G 7,2A,PHI,2026-09-17T17:41:43Z
7,PB -  jd/ct 7,2A,CHI,2026-09-15T17:32:19Z
7,BigCat#30 - 7,2A,PHI,2026-09-20T15:54:43Z
7,Savage outdoors 7,2A,TB,2026-09-20T09:52:55Z
7,CTaylor 7,2A,TB,2026-09-15T21:14:09Z
7,Jake’s Irish 7,2A,TB,2026-09-14T03:49:28Z
7,Simanek 7,2A,TB,2026-09-15T00:50:01Z
7,Skidmark 7,2A,TB,2026-09-14T10:38:35Z
7,Tolly 7,2A,BAL,2026-09-16T22:34:15Z
7,slyoss 7,2A,NE,2026-09-19T18:45:29Z
7,A.Lewis 7,2A,CHI,2026-09-17T03:50:41Z
7,Mal 7,2A,BAL,2026-09-17T21:24:59Z
7,Shot to the Chops 7,2A,CHI,2026-09-14T13:22:37Z
7,Steiger Family 7,2A,PHI,2026-09-14T13:51:28Z
7,Clarkesworld 7,2A,TB,2026-09-15T11:44:07Z
7,bjoachim 7,2A,BAL,2026-09-15T16:11:42Z
7,Grandview Zebras 7,2A,TB,2026-09-16T03:06:21Z
7,Nick Latzke 7,2A,TB,2026-09-16T14:39:41Z
7,YOURFACE 7,2A,BUF,2026-09-16T21:32:59Z
7,Gina Nelson 7,2A,BAL,2026-09-16T03:07:08Z
7,Troy Michaels 7,2A,NE,2026-09-20T15:52:47Z
7,Bennyboy 7,2A,CHI,2026-09-17T00:45:18Z
7,laruffa 7,2A,TB,2026-09-20T15:03:50Z
7,Mash Buttatoes 7,2A,PHI,2026-09-17T23:01:43Z
7,G unit 7,2A,TB,2026-09-15T16:27:54Z
7,Witzee 7,2A,GB,2026-09-17T23:54:58Z
7,Half Pint Hagen 7,2A,TB,2026-09-16T15:53:17Z
7,Coates55 7,2A,TB,2026-09-13T21:10:20Z
7,Swarner 7,2A,PHI,2026-09-14T15:11:14Z
7,Berns Bags and Friends 7,2A,TB,2026-09-17T02:53:50Z
7,Raider Haters 7,2A,TB,2026-09-17T17:48:27Z
7,Old Gregg 7,2A,TB,2026-09-20T16:55:11Z
7,Randall_R 7,2A,TB,2026-09-16T14:36:03Z
7,Showtime 7,2A,PHI,2026-09-20T16:27:52Z
7,Matty Ice 7,2A,ATL,2026-09-20T15:36:19Z
7,Proasscoach 7,2A,BAL,2026-09-15T16:52:34Z
8,Stow 8,2A,BAL,2026-09-16T22:34:15Z
8,Larry Hess 8,2A,TB,2026-09-14T16:23:09Z
8,Oki 8,2A,TB,2026-09-18T20:44:22Z
8,HSJL 8,2A,TB,2026-09-15T12:42:02Z
8,shogi 8,2A,TB,2026-09-20T15:56:04Z
8,orthogonal 8,2A,BAL,2026-09-20T15:56:23Z
8,Nicks picks 8,2A,BAL,2026-09-14T03:36:15Z
8,Number 9 8,2A,MIN,2026-09-15T04:41:44Z
8,X-Ray 8,2A,PHI,2026-09-17T15:24:30Z
8,Lep 8,2A,ATL,2026-09-15T11:02:19Z
8,Greenlun 8,2A,TB,2026-09-14T09:58:27Z
8,Fletch 8,2A,NE,2026-09-17T21:49:00Z
8,WZKB 8,2A,GB,2026-09-15T16:13:09Z
8,BigCat#30 - 8,2A,PHI,2026-09-20T15:54:46Z
8,CTaylor 8,2A,BAL,2026-09-15T21:14:27Z
8,A.K.A. King Gio 8,2A,GB,2026-09-19T06:30:39Z
8,Simanek 8,2A,GB,2026-09-15T00:49:00Z
8,Liamo 8,2A,CAR,2026-09-18T01:13:21Z
8,Tolly 8,2A,BAL,2026-09-16T22:34:15Z
8,slyoss 8,2A,NE,2026-09-19T18:45:38Z
8,A.Lewis 8,2A,TB,2026-09-17T03:50:53Z
8,Mal 8,2A,TB,2026-09-17T21:28:03Z
8,AndrewL 8,2A,PHI,2026-09-15T17:45:46Z
8,CSmith311 8,2A,TB,2026-09-16T20:34:46Z
8,Clarkesworld 8,2A,TB,2026-09-15T11:51:53Z
8,Sherlock 8,2A,PIT,2026-09-19T19:35:01Z
8,bjoachim 8,2A,PHI,2026-09-15T16:12:10Z
8,Grandview Zebras 8,2A,BAL,2026-09-16T03:07:55Z
8,Dave LaFond 8,2A,GB,2026-09-17T20:24:48Z
8,Troy Michaels 8,2A,PHI,2026-09-20T15:47:35Z
8,Mash Buttatoes 8,2A,NO,2026-09-17T23:02:33Z
8,G unit 8,2A,TB,2026-09-15T03:36:00Z
8,DutchOven 8,2A,PHI,2026-09-16T00:16:29Z
8,Half Pint Hagen 8,2A,MIN,2026-09-16T15:54:01Z
8,Coates55 8,2A,TB,2026-09-13T21:10:24Z
8,Swarner 8,2A,TB,2026-09-14T15:11:16Z
8,Berns Bags and Friends 8,2A,TB,2026-09-17T02:53:52Z
8,Old Gregg 8,2A,BAL,2026-09-20T16:55:46Z
8,Randall_R 8,2A,TB,2026-09-16T14:36:05Z
8,Matty Ice 8,2A,CAR,2026-09-20T15:37:59Z
8,JohnD 8,2A,CAR,2026-09-19T13:58:49Z
8,Proasscoach 8,2A,GB,2026-09-15T16:52:44Z
9,Stow 9,2A,BAL,2026-09-16T22:34:15Z
9,Larry Hess 9,2A,BAL,2026-09-14T16:23:16Z
9,Chronos 9,2A,TB,2026-09-15T23:57:59Z
9,Robert Dean 9,2A,CLE,2026-09-17T03:07:54Z
9,HSJL 9,2A,TB,2026-09-15T12:42:07Z
9,Scoots28 9,2A,PHI,2026-09-17T16:27:11Z
9,Muskhogeans 9,2A,CHI,2026-09-20T15:56:54Z
9,Merril Hoge 9,2A,PHI,2026-09-20T15:58:40Z
9,orthogonal 9,2A,TB,2026-09-20T15:56:28Z
9,FishKing17 9,2A,TEN,2026-09-14T14:29:39Z
9,X-Ray 9,2A,TB,2026-09-17T15:24:36Z
9,Lep 9,2A,TB,2026-09-15T11:02:32Z
9,Eastside 17 9,2A,CLE,2026-09-17T21:50:03Z
9,Greenlun 9,2A,TB,2026-09-14T09:58:36Z
9,danohara 9,2A,PHI,2026-09-20T01:41:28Z
9,Schwing 9,2A,PHI,2026-09-15T22:35:35Z
9,IBian 9,2A,TB,2026-09-15T21:03:25Z
9,Tony G 9,2A,TB,2026-09-14T14:43:30Z
9,Fletch 9,2A,BUF,2026-09-17T21:49:05Z
9,WZKB 9,2A,NE,2026-09-20T16:34:10Z
9,PB -  jd/ct 9,2A,BAL,2026-09-15T17:39:46Z
9,BigCat#30 - 9,2A,PHI,2026-09-20T15:54:48Z
9,Savage outdoors 9,2A,BAL,2026-09-20T09:53:10Z
9,Jake’s Irish 9,2A,NO,2026-09-15T20:43:06Z
9,Homeslice 9,2A,TB,2026-09-19T22:11:11Z
9,Simanek 9,2A,CHI,2026-09-15T00:48:02Z
9,Liamo 9,2A,CHI,2026-09-18T01:13:28Z
9,Tolly 9,2A,TB,2026-09-16T22:34:15Z
9,slyoss 9,2A,NE,2026-09-19T18:45:45Z
9,Mal 9,2A,TB,2026-09-17T21:21:53Z
9,ryan miller 9,2A,CAR,2026-09-20T08:36:52Z
9,AndrewL 9,2A,TB,2026-09-15T17:36:27Z
9,CSmith311 9,2A,TB,2026-09-16T20:14:48Z
9,Sherlock 9,2A,TB,2026-09-19T19:41:00Z
9,Grandview Zebras 9,2A,CAR,2026-09-15T15:35:07Z
9,The Committee 9,2A,PHI,2026-09-20T11:44:13Z
9,Dave LaFond 9,2A,BAL,2026-09-17T20:26:58Z
9,Bennyboy 9,2A,CHI,2026-09-17T00:46:05Z
9,Schippy 9,2A,PHI,2026-09-13T22:16:17Z
9,Titzer 9,2A,TB,2026-09-17T16:51:28Z
9,Witzee 9,2A,TB,2026-09-17T23:55:58Z
9,DutchOven 9,2A,PHI,2026-09-16T00:16:35Z
9,Shores 9,2A,TB,2026-09-16T19:18:50Z
9,Swarner 9,2A,PHI,2026-09-14T15:11:19Z
9,Berns Bags and Friends 9,2A,TB,2026-09-17T02:53:55Z
9,Old Gregg 9,2A,TB,2026-09-20T16:56:07Z
9,Showtime 9,2A,TB,2026-09-20T16:28:48Z
10,Stow 10,2A,PHI,2026-09-16T22:34:15Z
10,Robert Dean 10,2A,CAR,2026-09-17T03:08:19Z
10,sweat hogs 10,2A,TB,2026-09-20T15:54:49Z
10,Muskhogeans 10,2A,BAL,2026-09-20T15:56:32Z
10,shogi 10,2A,BAL,2026-09-20T15:55:39Z
10,Merril Hoge 10,2A,BAL,2026-09-20T15:58:26Z
10,orthogonal 10,2A,TB,2026-09-20T15:56:13Z
10,X-Ray 10,2A,TB,2026-09-17T15:24:38Z
10,Lep 10,2A,TB,2026-09-15T11:02:39Z
10,Eastside 17 10,2A,TB,2026-09-17T21:50:26Z
10,Greenlun 10,2A,BAL,2026-09-14T09:58:44Z
10,danohara 10,2A,PHI,2026-09-20T01:41:42Z
10,Schwing 10,2A,TB,2026-09-15T22:34:36Z
10,IBian 10,2A,TB,2026-09-15T21:03:27Z
10,WZKB 10,2A,TB,2026-09-15T16:14:52Z
10,JEG#1 10,2A,PHI,2026-09-17T22:45:53Z
10,PB -  jd/ct 10,2A,NE,2026-09-15T17:38:18Z
10,Aidan O'Hara 10,2A,PHI,2026-09-15T16:15:14Z
10,BigCat#30 - 10,2A,PHI,2026-09-20T15:54:49Z
10,Savage outdoors 10,2A,TB,2026-09-20T09:53:14Z
10,Simanek 10,2A,MIN,2026-09-15T00:46:06Z
10,ryan miller 10,2A,CHI,2026-09-20T08:37:33Z
10,BillsMafiaJA17 10,2A,PHI,2026-09-17T17:26:54Z
10,Shot to the Chops 10,2A,BAL,2026-09-14T13:23:00Z
10,Clarkesworld 10,2A,NO,2026-09-15T11:49:26Z
10,bjoachim 10,2A,BAL,2026-09-15T16:12:50Z
10,Grandview Zebras 10,2A,TB,2026-09-16T03:08:12Z
10,Dave LaFond 10,2A,CAR,2026-09-17T20:27:16Z
10,Bennyboy 10,2A,CHI,2026-09-17T00:46:23Z
10,laruffa 10,2A,TB,2026-09-20T15:04:03Z
10,Mash Buttatoes 10,2A,NO,2026-09-17T23:02:09Z
10,Titzer 10,2A,TB,2026-09-17T16:51:37Z
10,DutchOven 10,2A,PHI,2026-09-16T00:16:39Z
10,Swarner 10,2A,GB,2026-09-14T15:11:35Z
10,Berns Bags and Friends 10,2A,TB,2026-09-17T02:53:59Z
10,Old Gregg 10,2A,TB,2026-09-20T16:56:24Z
10,Mabel Miranda 10,2A,TB,2026-09-17T16:56:45Z
10,Showtime 10,2A,BAL,2026-09-20T16:29:26Z
11,Oki 11,2A,PHI,2026-09-20T16:56:12Z
11,Chronos 11,2A,TEN,2026-09-15T23:50:39Z
11,Muskhogeans 11,2A,BAL,2026-09-20T15:56:37Z
11,shogi 11,2A,BAL,2026-09-20T15:55:44Z
11,orthogonal 11,2A,TB,2026-09-20T15:56:19Z
11,Lep 11,2A,PHI,2026-09-15T11:02:46Z
11,One Pump Love & Dump 11,2A,PHI,2026-09-14T17:58:20Z
11,JEG#1 11,2A,TB,2026-09-17T22:52:13Z
11,Skidmark 11,2A,TB,2026-09-17T11:59:49Z
11,BillsMafiaJA17 11,2A,TB,2026-09-17T17:28:17Z
11,AndrewL 11,2A,BAL,2026-09-15T17:43:56Z
11,Shot to the Chops 11,2A,BAL,2026-09-14T13:23:04Z
11,Sherlock 11,2A,CAR,2026-09-19T19:41:35Z
11,Nick Latzke 11,2A,TB,2026-09-16T15:16:08Z
11,Bennyboy 11,2A,CHI,2026-09-17T00:46:30Z
11,Scoots28 11,2A,ATL,2026-09-17T16:38:48Z
11,Berns Bags and Friends 11,2A,DET,2026-09-17T02:54:47Z
12,Dobolicious 12,2A,MIN,2026-09-17T15:20:36Z
12,Oki 12,2A,TB,2026-09-20T16:56:18Z
12,Chronos 12,2A,GB,2026-09-15T23:59:23Z
12,sweat hogs 12,2A,NE,2026-09-20T15:58:21Z
12,shogi 12,2A,BAL,2026-09-20T15:55:48Z
12,orthogonal 12,2A,PHI,2026-09-20T15:52:57Z
12,Stow 12,2A,TB,2026-09-16T22:34:15Z
12,FishKing17 12,2A,TEN,2026-09-14T14:30:24Z
12,Lep 12,2A,BAL,2026-09-15T11:06:25Z
12,One Pump Love & Dump 12,2A,BAL,2026-09-14T17:58:25Z
12,JEG#1 12,2A,PHI,2026-09-20T16:13:20Z
12,Tolly 12,2A,TB,2026-09-16T22:34:15Z
12,BillsMafiaJA17 12,2A,CAR,2026-09-15T16:06:46Z
12,AndrewL 12,2A,PHI,2026-09-15T17:45:49Z
12,Shot to the Chops 12,2A,PHI,2026-09-14T13:24:14Z
12,bjoachim 12,2A,BAL,2026-09-15T16:13:35Z
12,Bennyboy 12,2A,CHI,2026-09-17T00:46:52Z
12,Titzer 12,2A,CHI,2026-09-17T16:52:06Z
12,Witzee 12,2A,HOU,2026-09-17T15:11:17Z
12,Berns Bags and Friends 12,2A,TB,2026-09-17T02:54:14Z
13,Dobolicious 13,2A,ATL,2026-09-17T15:19:59Z
13,Oki 13,2A,TB,2026-09-20T16:56:23Z
13,shogi 13,2A,BAL,2026-09-20T15:53:38Z
13,Stow 13,2A,TB,2026-09-16T22:34:15Z
13,One Pump Love & Dump 13,2A,GB,2026-09-14T18:01:27Z
13,Skidmark 13,2A,CAR,2026-09-17T12:01:05Z
13,slyoss 13,2A,TB,2026-09-19T18:37:25Z
13,BillsMafiaJA17 13,2A,ATL,2026-09-15T16:06:51Z
13,AndrewL 13,2A,TB,2026-09-15T17:36:51Z
13,Shot to the Chops 13,2A,PHI,2026-09-14T13:24:18Z
13,Nick Latzke 13,2A,PHI,2026-09-16T14:40:20Z
13,Bennyboy 13,2A,CHI,2026-09-17T00:46:59Z
13,Titzer 13,2A,TB,2026-09-17T16:52:21Z
13,Witzee 13,2A,TB,2026-09-15T03:52:34Z
14,shogi 14,2A,BAL,2026-09-20T15:53:42Z
14,orthogonal 14,2A,TB,2026-09-20T15:53:08Z
14,X-Ray 14,2A,PHI,2026-09-17T15:25:01Z
14,IBian 14,2A,TB,2026-09-15T21:03:49Z
14,JEG#1 14,2A,TB,2026-09-18T15:25:56Z
14,slyoss 14,2A,NE,2026-09-19T18:37:35Z
14,AndrewL 14,2A,CHI,2026-09-15T17:43:22Z
14,Sherlock 14,2A,NO,2026-09-19T19:36:03Z
14,Bennyboy 14,2A,MIN,2026-09-17T00:47:09Z
15,shogi 15,2A,BAL,2026-09-20T15:53:47Z
15,Stow 15,2A,TB,2026-09-16T22:34:15Z
15,Number 9 15,2A,BAL,2026-09-14T01:10:21Z
15,Lep 15,2A,TB,2026-09-15T11:03:15Z
15,One Pump Love & Dump 15,2A,CAR,2026-09-20T12:51:51Z
15,IBian 15,2A,TB,2026-09-15T21:03:52Z
15,Homeslice 15,2A,PHI,2026-09-19T22:13:21Z
15,Tolly 15,2A,TB,2026-09-16T22:34:15Z
15,bjoachim 15,2A,PHI,2026-09-15T16:14:50Z
15,Nick Latzke 15,2A,BAL,2026-09-16T14:40:52Z
15,Bennyboy 15,2A,MIN,2026-09-17T00:47:13Z
15,Titzer 15,2A,BUF,2026-09-17T16:52:45Z
16,Dobolicious 16,2A,GB,2026-09-17T15:18:45Z
16,Oki 16,2A,PHI,2026-09-20T16:56:42Z
16,shogi 16,2A,BAL,2026-09-20T15:53:52Z
16,X-Ray 16,2A,DET,2026-09-16T13:11:50Z
16,Lep 16,2A,PHI,2026-09-15T11:03:21Z
16,JEG#1 16,2A,BAL,2026-09-11T20:07:33Z
16,BigCat#30 - 16,2A,PHI,2026-09-20T16:26:34Z
16,Homeslice 16,2A,PHI,2026-09-19T22:13:32Z
16,slyoss 16,2A,TB,2026-09-19T18:37:48Z
16,AndrewL 16,2A,TB,2026-09-15T17:36:56Z
16,Shot to the Chops 16,2A,BAL,2026-09-14T13:25:15Z
16,Sherlock 16,2A,TB,2026-09-19T19:42:44Z
16,Nick Latzke 16,2A,TB,2026-09-20T16:34:48Z
16,Bennyboy 16,2A,CHI,2026-09-17T00:47:16Z
17,Dobolicious 17,2A,ATL,2026-09-17T15:18:28Z
17,Oki 17,2A,PHI,2026-09-18T20:46:03Z
17,shogi 17,2A,PHI,2026-09-20T15:53:57Z
17,Stow 17,2A,PHI,2026-09-16T22:34:15Z
17,FishKing17 17,2A,NO,2026-09-14T14:30:45Z
17,Lep 17,2A,PHI,2026-09-15T11:03:48Z
17,One Pump Love & Dump 17,2A,CAR,2026-09-14T18:01:49Z
17,IBian 17,2A,CAR,2026-09-15T21:04:58Z
17,JEG#1 17,2A,CIN,2026-09-17T22:53:18Z
17,BigCat#30 - 17,2A,PHI,2026-09-20T16:26:38Z
17,Homeslice 17,2A,PHI,2026-09-19T22:13:35Z
17,slyoss 17,2A,TB,2026-09-19T18:37:53Z
17,Sherlock 17,2A,CLE,2026-09-19T19:37:42Z
17,Nick Latzke 17,2A,TB,2026-09-16T14:45:09Z
17,Bennyboy 17,2A,MIN,2026-09-17T00:47:23Z
18,Dobolicious 18,2A,DET,2026-09-17T15:18:15Z
18,shogi 18,2A,PHI,2026-09-20T15:54:02Z
18,orthogonal 18,2A,PHI,2026-09-20T15:58:56Z
18,X-Ray 18,2A,TB,2026-09-17T15:38:54Z
18,Lep 18,2A,TB,2026-09-15T11:03:54Z
18,IBian 18,2A,TB,2026-09-15T21:04:11Z
18,JEG#1 18,2A,DET,2026-09-17T22:39:58Z
18,BigCat#30 - 18,2A,PHI,2026-09-20T16:26:41Z
18,Homeslice 18,2A,PHI,2026-09-19T22:13:39Z
18,slyoss 18,2A,NE,2026-09-19T18:38:12Z
18,Shot to the Chops 18,2A,BAL,2026-09-14T13:23:24Z
18,Sherlock 18,2A,BAL,2026-09-19T19:43:02Z
18,Nick Latzke 18,2A,GB,2026-09-16T14:41:13Z
18,Bennyboy 18,2A,MIN,2026-09-17T00:47:27Z
18,FishKing17 18,2A,NO,2026-09-14T14:30:50Z
18,AndrewL 18,2A,CHI,2026-09-15T17:43:33Z
19,orthogonal 19,2A,PHI,2026-09-20T15:57:31Z
19,Stow 19,2A,PHI,2026-09-16T22:34:15Z
19,X-Ray 19,2A,TB,2026-09-17T15:39:00Z
19,Lep 19,2A,ATL,2026-09-15T11:06:13Z
19,One Pump Love & Dump 19,2A,PHI,2026-09-20T12:54:11Z
19,JEG#1 19,2A,TB,2026-09-17T22:46:22Z
19,BigCat#30 - 19,2A,PHI,2026-09-20T16:26:43Z
19,Skidmark 19,2A,BAL,2026-09-17T12:04:34Z
19,Tolly 19,2A,PHI,2026-09-16T22:34:15Z
19,Shot to the Chops 19,2A,TB,2026-09-14T13:23:38Z
19,Sherlock 19,2A,MIN,2026-09-19T19:38:16Z
19,Nick Latzke 19,2A,CAR,2026-09-16T14:41:21Z
19,Bennyboy 19,2A,CHI,2026-09-17T00:47:32Z
19,FishKing17 19,2A,NO,2026-09-14T14:30:57Z
19,AndrewL 19,2A,NE,2026-09-15T17:45:35Z
20,Dobolicious 20,2A,TEN,2026-09-17T15:17:44Z
20,shogi 20,2A,CHI,2026-09-20T15:54:39Z
20,Stow 20,2A,PHI,2026-09-16T22:34:15Z
20,Lep 20,2A,PHI,2026-09-15T11:04:25Z
20,IBian 20,2A,TB,2026-09-15T21:04:28Z
20,BigCat#30 - 20,2A,PHI,2026-09-20T16:26:46Z
20,Skidmark 20,2A,TB,2026-09-17T11:59:33Z
20,Tolly 20,2A,PHI,2026-09-16T22:34:15Z
20,slyoss 20,2A,TB,2026-09-19T18:44:40Z
20,Shot to the Chops 20,2A,CHI,2026-09-14T13:23:50Z
20,Nick Latzke 20,2A,TB,2026-09-20T16:37:30Z
20,Bennyboy 20,2A,CHI,2026-09-17T00:47:36Z
20,FishKing17 20,2A,TB,2026-09-14T14:33:54Z
21,Oki 21,2A,TB,2026-09-17T04:09:07Z
21,X-Ray 21,2A,DET,2026-09-16T13:12:00Z
21,BigCat#30 - 21,2A,TB,2026-09-20T15:44:32Z
22,X-Ray 22,2A,CAR,2026-09-17T15:42:45Z
22,BigCat#30 - 22,2A,TB,2026-09-20T15:44:38Z
23,BossHogg 23,2A,BAL,2026-09-20T15:51:55Z
23,X-Ray 23,2A,MIN,2026-09-16T13:12:12Z
23,BigCat#30 - 23,2A,TB,2026-09-20T15:44:40Z
24,BossHogg 24,2A,BAL,2026-09-20T15:52:01Z
24,BigCat#30 - 24,2A,TB,2026-09-20T15:44:43Z
25,BigCat#30 - 25,2A,TB,2026-09-20T15:44:47Z
31,BigCat#30 - 31,2A,CAR,2026-09-20T16:35:23Z
32,BigCat#30 - 32,2A,CAR,2026-09-20T16:35:26Z
33,BigCat#30 - 33,2A,CAR,2026-09-20T16:35:29Z
34,BigCat#30 - 34,2A,CAR,2026-09-20T16:35:32Z
35,BigCat#30 - 35,2A,CAR,2026-09-20T16:35:35Z
41,BigCat#30 - 41,2A,MIN,2026-09-20T16:29:39Z
42,BigCat#30 - 42,2A,MIN,2026-09-20T16:29:45Z
43,BigCat#30 - 43,2A,MIN,2026-09-20T16:29:48Z
